antecedents,consequents,antecedent support,consequent support,support,confidence,lift,representativity,leverage,conviction,zhangs_metric,jaccard,certainty,kulczynski,label,rule_score
frozenset({'ram_low'}),frozenset({'price_range_0'}),0.302,0.25,0.2305,0.7632450331125828,3.0529801324503314,1.0,0.15500000000000003,3.167832167832169,0.9633971247257427,0.7169517884914464,0.6843267108167771,0.8426225165562915,0,0.5371046280864876
frozenset({'ram_high'}),frozenset({'price_range_3'}),0.293,0.25,0.225,0.7679180887372015,3.071672354948806,1.0,0.15175,3.2316176470588247,0.9539525381109538,0.7075471698113209,0.6905574516496019,0.8339590443686007,3,0.5307283719088167
"frozenset({'px_height_low', 'ram_low'})",frozenset({'price_range_0'}),0.154,0.25,0.1375,0.8928571428571429,3.5714285714285716,1.0,0.099,7.0000000000000036,0.851063829787234,0.5159474671669794,0.8571428571428572,0.7214285714285715,0,0.43845663265306134
"frozenset({'three_g_high', 'ram_high'})",frozenset({'price_range_3'}),0.221,0.25,0.1735,0.7850678733031674,3.1402714932126696,1.0,0.11825,3.4894736842105263,0.8749116764639511,0.5831932773109244,0.7134238310708899,0.7395339366515836,3,0.4277341065907741
"frozenset({'three_g_high', 'ram_low'})",frozenset({'price_range_0'}),0.2245,0.25,0.1735,0.7728285077951002,3.0913140311804006,1.0,0.11737499999999998,3.301470588235293,0.8723571480331551,0.5764119601328902,0.6971046770601336,0.7334142538975501,0,0.41450114830779594
"frozenset({'ram_low', 'fc_low'})",frozenset({'price_range_0'}),0.207,0.25,0.1595,0.7705314009661837,3.0821256038647347,1.0,0.10775000000000001,3.2684210526315804,0.8518897721837236,0.5361344537815126,0.6940418679549115,0.7042657004830919,0,0.3787924922401924
"frozenset({'ram_high', 'fc_low'})",frozenset({'price_range_3'}),0.1965,0.25,0.153,0.7786259541984732,3.114503816793893,1.0,0.103875,3.387931034482758,0.8449552814280659,0.5212947189097105,0.7048346055979643,0.6953129770992366,3,0.37103012644950756
"frozenset({'ram_high', 'four_g_high'})",frozenset({'price_range_3'}),0.153,0.25,0.124,0.8104575163398693,3.241830065359477,1.0,0.08574999999999999,3.956896551724138,0.8164489469474806,0.4444444444444444,0.7472766884531591,0.6532287581699346,3,0.3257933273527276
"frozenset({'battery_power_low', 'ram_low'})",frozenset({'price_range_0'}),0.093,0.25,0.0885,0.9516129032258064,3.8064516129032255,1.0,0.06525,15.499999999999979,0.8128865883056454,0.3477406679764244,0.9354838709677419,0.6528064516129032,0,0.3205707596253901
"frozenset({'ram_high', 'px_height_medium'})",frozenset({'price_range_3'}),0.111,0.25,0.099,0.8918918918918919,3.5675675675675675,1.0,0.07125000000000001,6.9375,0.8095578961720694,0.37786259541984735,0.8558558558558559,0.643945945945946,3,0.31500657414170924
"frozenset({'ram_high', 'battery_power_high'})",frozenset({'price_range_3'}),0.091,0.25,0.086,0.945054945054945,3.78021978021978,1.0,0.06325,13.649999999999993,0.8090925371606928,0.3372549019607843,0.9267399267399267,0.6445274725274726,3,0.30723632411544494
"frozenset({'ram_low', 'four_g_high'})",frozenset({'price_range_0'}),0.1565,0.25,0.122,0.7795527156549521,3.1182108626198084,1.0,0.082875,3.4021739130434785,0.8053388010533783,0.4288224956063269,0.7060702875399362,0.633776357827476,0,0.29655878900468513
"frozenset({'ram_high', 'blue_high'})",frozenset({'price_range_3'}),0.15,0.25,0.1185,0.79,3.16,1.0,0.08099999999999999,3.571428571428572,0.8041697691734921,0.42095914742451146,0.7200000000000001,0.632,3,0.2958234
"frozenset({'dual_sim_high', 'ram_high'})",frozenset({'price_range_3'}),0.161,0.25,0.1235,0.7670807453416149,3.0683229813664594,1.0,0.08324999999999999,3.2199999999999993,0.8034434670153884,0.42956521739130427,0.6894409937888198,0.6305403726708074,3,0.2906759577176806
"frozenset({'touch_screen_high', 'ram_low'})",frozenset({'price_range_0'}),0.157,0.25,0.121,0.7707006369426751,3.0828025477707004,1.0,0.08174999999999999,3.2708333333333326,0.8014470162642274,0.423076923076923,0.6942675159235668,0.6273503184713376,0,0.28748606434338103
"frozenset({'ram_high', 'px_width_high'})",frozenset({'price_range_3'}),0.096,0.25,0.0865,0.9010416666666666,3.6041666666666665,1.0,0.06249999999999999,7.5789473684210495,0.7992736201340221,0.33333333333333337,0.8680555555555555,0.6235208333333333,3,0.28090912543402774
"frozenset({'px_width_low', 'ram_low'})",frozenset({'price_range_0'}),0.09,0.25,0.0825,0.9166666666666667,3.666666666666667,1.0,0.060000000000000005,9.000000000000009,0.7992007992007992,0.3203883495145632,0.888888888888889,0.6233333333333334,0,0.2772916666666667
"frozenset({'dual_sim_high', 'ram_low'})",frozenset({'price_range_0'}),0.15,0.25,0.1155,0.77,3.08,1.0,0.07800000000000001,3.2608695652173916,0.7944996180290299,0.4059753954305799,0.6933333333333334,0.616,0,0.2739198
"frozenset({'wifi_high', 'ram_high'})",frozenset({'price_range_3'}),0.152,0.25,0.1165,0.7664473684210527,3.0657894736842106,1.0,0.07850000000000001,3.211267605633803,0.7945987529354605,0.4080560420315236,0.6885964912280702,0.6162236842105263,3,0.2737477709487535
"frozenset({'touch_screen_high', 'ram_high'})",frozenset({'price_range_3'}),0.1435,0.25,0.112,0.7804878048780488,3.1219512195121952,1.0,0.076125,3.416666666666667,0.7935639229422066,0.3978685612788633,0.7073170731707318,0.6142439024390244,3,0.2729042236763831
"frozenset({'wifi_high', 'ram_low'})",frozenset({'price_range_0'}),0.1505,0.25,0.1155,0.7674418604651163,3.0697674418604652,1.0,0.077875,3.2250000000000005,0.7936932598498225,0.4052631578947369,0.689922480620155,0.6147209302325581,0,0.27210275824770147
"frozenset({'ram_low', 'blue_high'})",frozenset({'price_range_0'}),0.143,0.25,0.1115,0.7797202797202798,3.118881118881119,1.0,0.07575000000000001,3.404761904761906,0.7927330190308252,0.39609236234458256,0.7062937062937064,0.6128601398601399,0,0.2711518167147538
"frozenset({'blue_low', 'ram_low'})",frozenset({'price_range_0'}),0.159,0.25,0.119,0.7484276729559748,2.993710691823899,1.0,0.07924999999999999,2.9812499999999993,0.791874419208825,0.41034482758620683,0.6645702306079664,0.6122138364779874,0,0.26662853526363667
"frozenset({'ram_low', 'wifi_low'})",frozenset({'price_range_0'}),0.1515,0.25,0.115,0.7590759075907592,3.0363036303630366,1.0,0.077125,3.113013698630138,0.7903973764443646,0.4013961605584643,0.6787678767876789,0.6095379537953796,0,0.265050267402978
"frozenset({'ram_low', 'dual_sim_low'})",frozenset({'price_range_0'}),0.152,0.25,0.115,0.7565789473684211,3.0263157894736845,1.0,0.07700000000000001,3.081081081081082,0.7895816242821987,0.40069686411149824,0.6754385964912282,0.6082894736842106,0,0.26330938365650974
"frozenset({'ram_low', 'sc_w_medium'})",frozenset({'price_range_0'}),0.115,0.25,0.095,0.8260869565217391,3.3043478260869565,1.0,0.06625,4.3125,0.7879869164436516,0.35185185185185186,0.7681159420289855,0.6030434782608696,0,0.2593194706994329
"frozenset({'ram_low', 'sc_w_low'})",frozenset({'price_range_0'}),0.1645,0.25,0.1205,0.7325227963525835,2.930091185410334,1.0,0.079375,2.8039772727272725,0.7884065744417212,0.4098639455782313,0.6433637284701114,0.6072613981762918,0,0.25863620993893255
"frozenset({'ram_high', 'touch_screen_low'})",frozenset({'price_range_3'}),0.1495,0.25,0.113,0.7558528428093646,3.0234113712374584,1.0,0.075625,3.0719178082191787,0.7868874633869716,0.39441535776614317,0.6744704570791528,0.6039264214046823,3,0.2582337110323151
"frozenset({'ram_high', 'sc_w_low'})",frozenset({'price_range_3'}),0.1565,0.25,0.1165,0.744408945686901,2.977635782747604,1.0,0.077375,2.934375,0.7873895555764734,0.4017241379310345,0.6592119275825347,0.6052044728434505,3,0.2582314201431065
"frozenset({'ram_high', 'wifi_low'})",frozenset({'price_range_3'}),0.141,0.25,0.1085,0.7695035460992908,3.0780141843971633,1.0,0.07325000000000001,3.2538461538461547,0.7859315568955437,0.38407079646017694,0.6926713947990545,0.6017517730496454,3,0.2569868970373724
"frozenset({'px_width_medium', 'ram_low'})",frozenset({'price_range_0'}),0.1255,0.25,0.1,0.7968127490039841,3.1872509960159365,1.0,0.068625,3.6911764705882364,0.7847341337907375,0.3629764065335754,0.7290836653386455,0.5984063745019921,0,0.2539642227901145
"frozenset({'ram_low', 'touch_screen_low'})",frozenset({'price_range_0'}),0.145,0.25,0.1095,0.7551724137931035,3.020689655172414,1.0,0.07325000000000001,3.063380281690142,0.7823973937888864,0.3835376532399299,0.6735632183908047,0.5965862068965517,0,0.2497849940546968
"frozenset({'ram_high', 'sc_h_high'})",frozenset({'price_range_3'}),0.1045,0.25,0.0875,0.8373205741626794,3.3492822966507174,1.0,0.061375,4.610294117647057,0.7832814867990748,0.3277153558052434,0.7830940988835725,0.5936602870813397,3,0.24538701037064165
"frozenset({'ram_high', 'battery_power_medium'})",frozenset({'price_range_3'}),0.1085,0.25,0.0895,0.8248847926267281,3.2995391705069124,1.0,0.062375,4.282894736842104,0.7817469145279596,0.3327137546468401,0.7665130568356374,0.591442396313364,3,0.24359570175624878
"frozenset({'four_g_low', 'ram_low'})",frozenset({'price_range_0'}),0.1455,0.25,0.1085,0.7457044673539519,2.9828178694158076,1.0,0.072125,2.9493243243243246,0.7779362712449407,0.3780487804878049,0.6609392898052692,0.5898522336769759,0,0.24133661624213223
"frozenset({'ram_high', 'dual_sim_low'})",frozenset({'price_range_3'}),0.132,0.25,0.1015,0.7689393939393939,3.0757575757575757,1.0,0.0685,3.245901639344262,0.7775078885836871,0.3618538324420678,0.6919191919191919,0.587469696969697,3,0.24005472337006428
"frozenset({'n_cores_high', 'ram_low'})",frozenset({'price_range_0'}),0.111,0.25,0.09,0.8108108108108107,3.243243243243243,1.0,0.06225,3.964285714285713,0.7780277465316836,0.3321033210332103,0.7477477477477477,0.5854054054054054,0,0.23666910153396634
"frozenset({'ram_high', 'blue_low'})",frozenset({'price_range_3'}),0.143,0.25,0.1065,0.7447552447552448,2.979020979020979,1.0,0.07075000000000001,2.938356164383562,0.7751683183503981,0.3717277486910994,0.6596736596736598,0.5853776223776224,3,0.2362853195755294
"frozenset({'talk_time_medium', 'ram_low'})",frozenset({'price_range_0'}),0.105,0.25,0.0865,0.8238095238095238,3.295238095238095,1.0,0.06025,4.256756756756756,0.778247812187167,0.3221601489757915,0.765079365079365,0.5849047619047618,0,0.2348170975056689
"frozenset({'ram_low', 'battery_power_medium'})",frozenset({'price_range_0'}),0.12,0.25,0.0945,0.7875000000000001,3.1500000000000004,1.0,0.0645,3.529411764705884,0.7756132756132756,0.34301270417422874,0.7166666666666668,0.5827500000000001,0,0.23441906250000005
"frozenset({'ram_high', 'int_memory_medium'})",frozenset({'price_range_3'}),0.1145,0.25,0.0915,0.7991266375545851,3.1965065502183405,1.0,0.062875,3.7336956521739126,0.776011823766635,0.33516483516483514,0.7321688500727802,0.5825633187772925,3,0.23372883812284279
"frozenset({'pc_medium', 'ram_low'})",frozenset({'price_range_0'}),0.1155,0.25,0.092,0.7965367965367964,3.1861471861471857,1.0,0.063125,3.6861702127659557,0.7757391795905327,0.3363802559414991,0.7287157287157285,0.5822683982683983,0,0.23348527951125345
"frozenset({'m_dep_low', 'ram_low'})",frozenset({'price_range_0'}),0.1105,0.25,0.089,0.8054298642533936,3.2217194570135743,1.0,0.061375,3.854651162790696,0.7752745829938548,0.32780847145488035,0.7405731523378581,0.5807149321266968,0,0.23094334677832143
"frozenset({'px_width_medium', 'ram_high'})",frozenset({'price_range_3'}),0.1075,0.25,0.087,0.8093023255813953,3.237209302325581,1.0,0.060125,3.9329268292682906,0.7743327215943849,0.32162661737523107,0.745736434108527,0.5786511627906976,3,0.22792964845862623
"frozenset({'ram_high', 'mobile_wt_low'})",frozenset({'price_range_3'}),0.083,0.25,0.073,0.8795180722891566,3.5180722891566263,1.0,0.05224999999999999,6.224999999999997,0.7805380857770274,0.2807692307692307,0.8393574297188754,0.5857590361445782,3,0.22587719552910435
"frozenset({'clock_speed_low', 'ram_low'})",frozenset({'price_range_0'}),0.1305,0.25,0.0985,0.7547892720306514,3.0191570881226055,1.0,0.065875,3.0585937500000004,0.7691566715219379,0.34929078014184395,0.6730523627075352,0.5743946360153257,0,0.22446449699798893
"frozenset({'ram_high', 'n_cores_low'})",frozenset({'price_range_3'}),0.11,0.25,0.087,0.7909090909090909,3.1636363636363636,1.0,0.0595,3.5869565217391304,0.7684360067157432,0.31868131868131866,0.7212121212121212,0.5694545454545454,3,0.2176869421487603
"frozenset({'four_g_low', 'ram_high'})",frozenset({'price_range_3'}),0.14,0.25,0.101,0.7214285714285714,2.8857142857142857,1.0,0.066,2.692307692307692,0.7598434262030854,0.34948096885813146,0.6285714285714286,0.5627142857142857,3,0.21026551020408163
"frozenset({'pc_medium', 'ram_high'})",frozenset({'price_range_3'}),0.116,0.25,0.0885,0.7629310344827586,3.0517241379310343,1.0,0.0595,3.1636363636363627,0.7605388961321164,0.31891891891891894,0.6839080459770114,0.5584655172413793,3,0.206050572235434
"frozenset({'ram_high', 'clock_speed_low'})",frozenset({'price_range_3'}),0.1165,0.25,0.0885,0.7596566523605149,3.0386266094420598,1.0,0.059375,3.120535714285713,0.7593706336188568,0.31834532374100716,0.6795422031473533,0.5568283261802575,3,0.2042856932343568
"frozenset({'int_memory_medium', 'ram_low'})",frozenset({'price_range_0'}),0.1165,0.25,0.0885,0.7596566523605149,3.0386266094420598,1.0,0.059375,3.120535714285713,0.7593706336188568,0.31834532374100716,0.6795422031473533,0.5568283261802575,0,0.2042856932343568
"frozenset({'ram_high', 'mobile_wt_medium'})",frozenset({'price_range_3'}),0.1195,0.25,0.09,0.7531380753138075,3.01255230125523,1.0,0.060125,3.0381355932203387,0.7587229478200518,0.3220035778175313,0.6708507670850766,0.5565690376569037,3,0.20419810577545908
"frozenset({'talk_time_medium', 'ram_high'})",frozenset({'price_range_3'}),0.105,0.25,0.0825,0.7857142857142858,3.1428571428571432,1.0,0.05625000000000001,3.5000000000000018,0.7618080243778569,0.3027522935779817,0.7142857142857144,0.5578571428571429,3,0.20372448979591842
"frozenset({'ram_high', 'm_dep_medium'})",frozenset({'price_range_3'}),0.108,0.25,0.084,0.7777777777777778,3.111111111111111,1.0,0.05700000000000001,3.375,0.7607303010890455,0.3065693430656935,0.7037037037037037,0.5568888888888889,3,0.20325925925925928
"frozenset({'clock_speed_medium', 'ram_high'})",frozenset({'price_range_3'}),0.109,0.25,0.0845,0.7752293577981652,3.1009174311926606,1.0,0.05725000000000001,3.3367346938775513,0.7603981962956322,0.307832422586521,0.7003058103975536,0.5566146788990826,3,0.2031314283309486
"frozenset({'ram_high', 'sc_w_medium'})",frozenset({'price_range_3'}),0.1095,0.25,0.0845,0.771689497716895,3.08675799086758,1.0,0.05712500000000001,3.285,0.7591639561578664,0.3072727272727273,0.69558599695586,0.5548447488584475,3,0.20128058213965516
"frozenset({'sc_h_medium', 'ram_low'})",frozenset({'price_range_0'}),0.105,0.25,0.082,0.7809523809523811,3.1238095238095243,1.0,0.05575000000000001,3.4239130434782625,0.7596402779670255,0.3003663003663004,0.7079365079365081,0.5544761904761906,0,0.2000428117913833
"frozenset({'m_dep_low', 'ram_high'})",frozenset({'price_range_3'}),0.1055,0.25,0.081,0.7677725118483413,3.071090047393365,1.0,0.05462500000000001,3.2295918367346945,0.7539214265504558,0.2950819672131148,0.6903633491311217,0.5458862559241706,3,0.1909897801037713
"frozenset({'ram_low', 'sc_h_high'})",frozenset({'price_range_0'}),0.1045,0.25,0.08,0.7655502392344498,3.062200956937799,1.0,0.053875000000000006,3.1989795918367347,0.7520240089335568,0.29143897996357016,0.6874003189792663,0.5427751196172249,0,0.18754149401341544
"frozenset({'mobile_wt_low', 'ram_low'})",frozenset({'price_range_0'}),0.096,0.25,0.0755,0.7864583333333333,3.145833333333333,1.0,0.0515,3.512195121951218,0.7545566430287758,0.2791127541589649,0.7152777777777777,0.5442291666666667,0,0.1867920464409722
"frozenset({'ram_low', 'talk_time_low'})",frozenset({'price_range_0'}),0.103,0.25,0.079,0.766990291262136,3.067961165048544,1.0,0.053250000000000006,3.2187500000000013,0.7514499809491555,0.2883211678832117,0.6893203883495147,0.541495145631068,0,0.1858946177773589
"frozenset({'ram_high', 'pc_high'})",frozenset({'price_range_3'}),0.0975,0.25,0.076,0.7794871794871795,3.117948717948718,1.0,0.051625,3.4011627906976747,0.7526607377168684,0.2799263351749539,0.705982905982906,0.5417435897435897,3,0.18471047994740303
"frozenset({'m_dep_medium', 'ram_low'})",frozenset({'price_range_0'}),0.1165,0.25,0.0855,0.7339055793991417,2.9356223175965668,1.0,0.05637500000000001,2.818548387096775,0.7463007641722681,0.30427046263345203,0.6452074391988556,0.5379527896995708,0,0.18420715061983098
"frozenset({'ram_low', 'mobile_wt_medium'})",frozenset({'price_range_0'}),0.1115,0.25,0.0825,0.7399103139013453,2.9596412556053813,1.0,0.05462500000000001,2.8836206896551726,0.7452123940587645,0.29569892473118287,0.6532137518684604,0.5349551569506726,0,0.18066419996380384
"frozenset({'n_cores_high', 'ram_high'})",frozenset({'price_range_3'}),0.1085,0.25,0.081,0.7465437788018433,2.986175115207373,1.0,0.053875000000000006,2.959090909090909,0.7460723015032232,0.2918918918918919,0.6620583717357911,0.5352718894009216,3,0.18057414682834633
"frozenset({'sc_h_medium', 'ram_high'})",frozenset({'price_range_3'}),0.1015,0.25,0.077,0.7586206896551724,3.0344827586206895,1.0,0.051625,3.1071428571428568,0.746193150199828,0.2805100182149362,0.6781609195402298,0.5333103448275862,3,0.1772556480380499
"frozenset({'int_memory_low', 'ram_low'})",frozenset({'price_range_0'}),0.103,0.25,0.0775,0.7524271844660194,3.0097087378640777,1.0,0.051750000000000004,3.0294117647058822,0.7444168734491317,0.2813067150635209,0.6699029126213593,0.5312135922330097,0,0.17550546705627296
"frozenset({'ram_high', 'px_height_low'})",frozenset({'price_range_3'}),0.1585,0.25,0.103,0.6498422712933754,2.5993690851735014,1.0,0.06337499999999999,2.1418918918918917,0.7311839122233181,0.337152209492635,0.5331230283911671,0.5309211356466876,3,0.17398553075460993
"frozenset({'ram_low', 'n_cores_low'})",frozenset({'price_range_0'}),0.117,0.25,0.084,0.717948717948718,2.871794871794872,1.0,0.05475000000000001,2.659090909090909,0.7381491668014885,0.2968197879858658,0.6239316239316239,0.526974358974359,0,0.1731913214990138
"frozenset({'ram_high', 'talk_time_high'})",frozenset({'price_range_3'}),0.091,0.25,0.071,0.7802197802197802,3.120879120879121,1.0,0.048249999999999994,3.4125,0.7476099722648321,0.26296296296296295,0.706959706959707,0.5321098901098901,3,0.1728829851467214
"frozenset({'px_height_medium', 'ram_low'})",frozenset({'price_range_0'}),0.124,0.25,0.087,0.7016129032258064,2.8064516129032255,1.0,0.055999999999999994,2.513513513513513,0.7347924211410277,0.3031358885017421,0.6021505376344085,0.5248064516129032,0,0.17130671175858475
"frozenset({'mobile_wt_high', 'ram_low'})",frozenset({'price_range_0'}),0.0945,0.25,0.0725,0.7671957671957671,3.0687830687830684,1.0,0.048874999999999995,3.221590909090908,0.7444924693920295,0.26654411764705876,0.6895943562610228,0.5285978835978835,0,0.17069091010889947
"frozenset({'ram_low', 'clock_speed_high'})",frozenset({'price_range_0'}),0.0855,0.25,0.0665,0.7777777777777778,3.111111111111111,1.0,0.045125,3.375,0.7420135905647114,0.24721189591078066,0.7037037037037037,0.5218888888888888,0,0.1609135802469136
"frozenset({'pc_low', 'ram_low'})",frozenset({'price_range_0'}),0.0895,0.25,0.0685,0.7653631284916202,3.061452513966481,1.0,0.046125000000000006,3.1964285714285734,0.7395471326014023,0.25276752767527677,0.687150837988827,0.5196815642458101,0,0.16050391685652762
"frozenset({'int_memory_high', 'ram_low'})",frozenset({'price_range_0'}),0.0825,0.25,0.0645,0.7818181818181819,3.1272727272727274,1.0,0.043875,3.4375000000000004,0.7413978835308281,0.24067164179104478,0.7090909090909091,0.5199090909090909,0,0.1576998347107438
"frozenset({'ram_high', 'talk_time_low'})",frozenset({'price_range_3'}),0.097,0.25,0.0715,0.7371134020618556,2.9484536082474224,1.0,0.04724999999999999,2.8529411764705874,0.731826313221662,0.2595281306715064,0.6494845360824741,0.5115567010309278,3,0.155394143904772
"frozenset({'fc_medium', 'ram_low'})",frozenset({'price_range_0'}),0.0805,0.25,0.063,0.782608695652174,3.130434782608696,1.0,0.042874999999999996,3.4500000000000006,0.7401365476406259,0.23551401869158878,0.7101449275362319,0.517304347826087,0,0.15434404536862006
"frozenset({'int_memory_high', 'ram_high'})",frozenset({'price_range_3'}),0.0855,0.25,0.0655,0.7660818713450293,3.064327485380117,1.0,0.044125,3.2062500000000003,0.7366474818342313,0.24259259259259258,0.6881091617933723,0.5140409356725146,3,0.15376293560411752
"frozenset({'clock_speed_medium', 'ram_low'})",frozenset({'price_range_0'}),0.086,0.25,0.0655,0.7616279069767443,3.0465116279069773,1.0,0.044000000000000004,3.146341463414636,0.7349625002087962,0.24214417744916825,0.6821705426356591,0.5118139534883721,0,0.1519801919956734
"frozenset({'sc_h_low', 'ram_low'})",frozenset({'price_range_0'}),0.0925,0.25,0.0685,0.7405405405405406,2.9621621621621625,1.0,0.045375000000000006,2.890625000000001,0.7299270072992701,0.25,0.6540540540540541,0.5072702702702703,0,0.15026168005843685
"frozenset({'ram_low', 'pc_high'})",frozenset({'price_range_0'}),0.097,0.25,0.07,0.7216494845360826,2.8865979381443303,1.0,0.045750000000000006,2.6944444444444455,0.7237778832463219,0.25270758122743686,0.6288659793814434,0.5008247422680413,0,0.14581783398873424
"frozenset({'ram_high', 'int_memory_low'})",frozenset({'price_range_3'}),0.093,0.25,0.068,0.7311827956989247,2.924731182795699,1.0,0.044750000000000005,2.79,0.7255658603022245,0.2472727272727273,0.6415770609318997,0.5015913978494624,3,0.145418892357498
"frozenset({'pc_low', 'ram_high'})",frozenset({'price_range_3'}),0.0795,0.25,0.0605,0.761006289308176,3.044025157232704,1.0,0.040624999999999994,3.138157894736841,0.7294813724125856,0.224907063197026,0.681341719077568,0.5015031446540881,3,0.14014959851271705
"frozenset({'m_dep_high', 'ram_high'})",frozenset({'price_range_3'}),0.0795,0.25,0.06,0.7547169811320754,3.0188679245283017,1.0,0.040124999999999994,3.057692307692307,0.7265073329712113,0.22263450834879403,0.6729559748427673,0.4973584905660377,3,0.13670345318618723
"frozenset({'fc_medium', 'ram_high'})",frozenset({'price_range_3'}),0.0805,0.25,0.0605,0.7515527950310559,3.0062111801242235,1.0,0.040374999999999994,3.01875,0.725780719848642,0.22407407407407406,0.6687370600414079,0.49677639751552793,3,0.13668924809999614
"frozenset({'n_cores_medium', 'ram_high'})",frozenset({'price_range_3'}),0.0745,0.25,0.057,0.7651006711409396,3.0604026845637584,1.0,0.038375000000000006,3.192857142857143,0.7274398855052272,0.2130841121495327,0.6868008948545862,0.4965503355704698,3,0.1334664204315121
"frozenset({'n_cores_medium', 'ram_low'})",frozenset({'price_range_0'}),0.074,0.25,0.0565,0.7635135135135136,3.0540540540540544,1.0,0.038000000000000006,3.1714285714285726,0.7263135763298229,0.21121495327102804,0.6846846846846848,0.4947567567567568,0,0.13174735208181157
"frozenset({'m_dep_high', 'ram_low'})",frozenset({'price_range_0'}),0.075,0.25,0.056,0.7466666666666667,2.986666666666667,1.0,0.037250000000000005,2.960526315789474,0.7191119691119692,0.20817843866171004,0.6622222222222223,0.48533333333333334,0,0.12488248888888889
"frozenset({'talk_time_high', 'ram_low'})",frozenset({'price_range_0'}),0.094,0.25,0.065,0.6914893617021277,2.765957446808511,1.0,0.0415,2.431034482758621,0.7047036848361351,0.23297491039426527,0.5886524822695036,0.47574468085106386,0,0.12432095971027617
"frozenset({'ram_high', 'clock_speed_high'})",frozenset({'price_range_3'}),0.0675,0.25,0.052,0.7703703703703703,3.081481481481481,1.0,0.035124999999999997,3.266129032258063,0.7243761600329964,0.1958568738229755,0.693827160493827,0.4891851851851851,3,0.12344186556927295
"frozenset({'three_g_low', 'ram_low'})",frozenset({'price_range_0'}),0.0775,0.25,0.057,0.7354838709677419,2.9419354838709677,1.0,0.037625000000000006,2.8353658536585367,0.7155422431417298,0.21072088724584104,0.6473118279569893,0.48174193548387095,0,0.12333352757544226
"frozenset({'ram_medium', 'three_g_high'})",frozenset({'price_range_2'}),0.316,0.25,0.144,0.45569620253164556,1.8227848101265822,1.0,0.06499999999999999,1.377906976744186,0.6599252761533463,0.3412322274881516,0.2742616033755274,0.5158481012658227,2,0.11961160070501521
"frozenset({'ram_high', 'sc_h_low'})",frozenset({'price_range_3'}),0.087,0.25,0.0605,0.6954022988505747,2.781609195402299,1.0,0.03875,2.4622641509433962,0.7015288803599069,0.21880650994575046,0.5938697318007663,0.46870114942528734,3,0.11702741445369269
"frozenset({'mobile_wt_high', 'ram_high'})",frozenset({'price_range_3'}),0.0905,0.25,0.062,0.6850828729281768,2.7403314917127073,1.0,0.039375,2.3815789473684212,0.6982744861586481,0.22262118491921004,0.5801104972375691,0.4665414364640884,3,0.11639595860932207
"frozenset({'ram_medium', 'px_height_low'})",frozenset({'price_range_1'}),0.2025,0.25,0.104,0.5135802469135802,2.0543209876543207,1.0,0.05337499999999999,1.5418781725888322,0.6435374969857728,0.2984218077474892,0.3514403292181069,0.46479012345679005,1,0.1097261027282426
"frozenset({'ram_medium', 'fc_low'})",frozenset({'price_range_1'}),0.2715,0.25,0.125,0.4604051565377532,1.8416206261510129,1.0,0.057124999999999995,1.3899317406143343,0.6273164035689773,0.3152585119798234,0.2805402087170043,0.4802025782688766,1,0.10598645408327652
"frozenset({'three_g_low', 'ram_high'})",frozenset({'price_range_3'}),0.072,0.25,0.0515,0.7152777777777778,2.861111111111111,1.0,0.0335,2.6341463414634148,0.7009541345831939,0.19038817005545283,0.6203703703703703,0.4606388888888889,3,0.1053941936728395
"frozenset({'ram_medium', 'battery_power_high'})",frozenset({'price_range_2'}),0.1205,0.25,0.0715,0.5933609958506224,2.3734439834024896,1.0,0.041374999999999995,1.844387755102041,0.657954893315894,0.23913043478260868,0.4578146611341632,0.43968049792531116,2,0.10069409961949691
"frozenset({'ram_medium', 'sc_w_low'})",frozenset({'price_range_1'}),0.223,0.25,0.1045,0.468609865470852,1.874439461883408,1.0,0.048749999999999995,1.411392405063291,0.6003953372374424,0.2835820895522388,0.29147982062780264,0.443304932735426,1,0.09179079611494298
"frozenset({'ram_medium', 'battery_power_low'})",frozenset({'price_range_1'}),0.1295,0.25,0.0725,0.5598455598455598,2.2393822393822393,1.0,0.040124999999999994,1.7039473684210527,0.6357820515359781,0.23615635179153094,0.41312741312741313,0.42492277992277994,1,0.0908938447548486
"frozenset({'touch_screen_high', 'ram_medium'})",frozenset({'price_range_1'}),0.2025,0.25,0.0965,0.4765432098765432,1.9061728395061728,1.0,0.045875,1.4327830188679245,0.5960985592931277,0.2710674157303371,0.30205761316872426,0.4312716049382716,1,0.08765806431946349
"frozenset({'dual_sim_high', 'ram_medium'})",frozenset({'price_range_1'}),0.1985,0.25,0.095,0.47858942065491183,1.9143576826196473,1.0,0.045375,1.4384057971014492,0.5959221197097547,0.2687411598302687,0.3047858942065491,0.4292947103274559,1,0.08703817675386558
"frozenset({'px_width_low', 'ram_medium'})",frozenset({'price_range_1'}),0.117,0.25,0.0665,0.5683760683760684,2.2735042735042734,1.0,0.037250000000000005,1.7376237623762376,0.6343718866815965,0.22129783693843597,0.4245014245014245,0.4171880341880342,1,0.08593166045730148
"frozenset({'ram_medium', 'touch_screen_low'})",frozenset({'price_range_2'}),0.2025,0.25,0.095,0.4691358024691358,1.876543209876543,1.0,0.044375,1.4127906976744184,0.5857119287246328,0.26573426573426573,0.2921810699588477,0.4245679012345679,2,0.08363359244017679
"frozenset({'ram_medium', 'four_g_high'})",frozenset({'price_range_1'}),0.212,0.25,0.0975,0.4599056603773585,1.839622641509434,1.0,0.044500000000000005,1.3886462882096071,0.5792008330079396,0.26748971193415644,0.27987421383647804,0.42495283018867924,1,0.08249015441438236
"frozenset({'ram_medium', 'battery_power_medium'})",frozenset({'price_range_1'}),0.155,0.25,0.0785,0.5064516129032258,2.0258064516129033,1.0,0.03975,1.519607843137255,0.59925375946934,0.24042879019908114,0.3419354838709678,0.4102258064516129,1,0.08053887617065557
"frozenset({'ram_medium', 'blue_high'})",frozenset({'price_range_1'}),0.202,0.25,0.093,0.46039603960396036,1.8415841584158414,1.0,0.042499999999999996,1.389908256880734,0.57266822971407,0.2590529247910864,0.2805280528052805,0.4161980198019802,1,0.07885079894128025
"frozenset({'ram_medium', 'px_height_medium'})",frozenset({'price_range_2'}),0.174,0.25,0.084,0.48275862068965525,1.931034482758621,1.0,0.04050000000000001,1.4500000000000002,0.5837080594949844,0.2470588235294118,0.310344827586207,0.40937931034482766,2,0.07830677764565996
"frozenset({'ram_medium', 'dual_sim_low'})",frozenset({'price_range_2'}),0.2065,0.25,0.094,0.45520581113801456,1.8208232445520582,1.0,0.042375,1.376666666666667,0.5681132606684632,0.2593103448275862,0.2736077481840194,0.41560290556900725,2,0.0779118362656755
"frozenset({'wifi_high', 'ram_medium'})",frozenset({'price_range_1'}),0.2045,0.25,0.093,0.45476772616136923,1.819070904645477,1.0,0.041875,1.3755605381165918,0.5660198833492158,0.2572614107883817,0.2730236348818256,0.41338386308068464,1,0.07693469072996933
"frozenset({'ram_medium', 'wifi_low'})",frozenset({'price_range_2'}),0.2005,0.25,0.0905,0.4513715710723192,1.8054862842892767,1.0,0.040374999999999994,1.3670454545454545,0.5580145049219297,0.2513888888888889,0.26849542809642557,0.4066857855361596,2,0.0737525388523703
"frozenset({'ram_medium', 'n_cores_low'})",frozenset({'price_range_1'}),0.1405,0.25,0.0705,0.5017793594306049,2.0071174377224197,1.0,0.03537499999999999,1.5053571428571426,0.5837964510126702,0.22031249999999997,0.3357058125741399,0.3918896797153024,1,0.07100267220526586
"frozenset({'ram_medium', 'px_width_high'})",frozenset({'price_range_2'}),0.1155,0.25,0.0615,0.5324675324675324,2.1298701298701297,1.0,0.032625,1.6041666666666665,0.5997600959616154,0.20230263157894737,0.3766233766233766,0.3892337662337662,2,0.06974633159048743
"frozenset({'ram_medium', 'int_memory_medium'})",frozenset({'price_range_1'}),0.1605,0.25,0.0765,0.4766355140186916,1.9065420560747663,1.0,0.036375,1.4330357142857142,0.5663968982470892,0.2290419161676647,0.30218068535825543,0.3913177570093458,1,0.06951751244650188
"frozenset({'ram_medium', 'clock_speed_low'})",frozenset({'price_range_1'}),0.1705,0.25,0.0795,0.4662756598240469,1.8651026392961876,1.0,0.036875,1.4052197802197803,0.5591759831071987,0.23313782991202348,0.2883675464320625,0.39213782991202345,1,0.0691373311203034
"frozenset({'px_width_low', 'ram_high'})",frozenset({'price_range_3'}),0.0895,0.25,0.0515,0.5754189944134078,2.3016759776536313,1.0,0.029124999999999998,1.7664473684210527,0.6211246354558202,0.17881944444444442,0.4338919925512104,0.3907094972067039,3,0.06820804594113791
"frozenset({'ram_medium', 'px_width_medium'})",frozenset({'price_range_2'}),0.1725,0.25,0.0795,0.46086956521739136,1.8434782608695655,1.0,0.036375000000000005,1.3911290322580645,0.552927093427578,0.2317784256559767,0.28115942028985513,0.3894347826086957,2,0.06754344045368621
"frozenset({'ram_medium', 'px_width_medium'})",frozenset({'price_range_1'}),0.1725,0.25,0.0785,0.455072463768116,1.820289855072464,1.0,0.035375000000000004,1.3763297872340428,0.5445763657705853,0.22819767441860467,0.27342995169082135,0.384536231884058,1,0.06502655744591475
"frozenset({'ram_medium', 'pc_medium'})",frozenset({'price_range_1'}),0.164,0.25,0.0755,0.46036585365853655,1.8414634146341462,1.0,0.034499999999999996,1.3898305084745761,0.5465952660096961,0.2230428360413589,0.28048780487804875,0.38118292682926824,1,0.06400488920285544
"frozenset({'ram_medium', 'm_dep_low'})",frozenset({'price_range_2'}),0.15,0.25,0.071,0.47333333333333333,1.8933333333333333,1.0,0.033499999999999995,1.4240506329113924,0.5550952775476388,0.21580547112462004,0.29777777777777775,0.37866666666666665,2,0.06362862222222222
"frozenset({'ram_medium', 'int_memory_low'})",frozenset({'price_range_2'}),0.1295,0.25,0.063,0.48648648648648646,1.9459459459459458,1.0,0.030625,1.4605263157894735,0.5584274682494096,0.1990521327014218,0.31531531531531526,0.3692432432432432,2,0.059640613586559525
"frozenset({'ram_medium', 'sc_h_high'})",frozenset({'price_range_1'}),0.1485,0.25,0.069,0.4646464646464647,1.8585858585858588,1.0,0.03187500000000001,1.4009433962264153,0.5425208710970411,0.20940819423368745,0.2861952861952863,0.3703232323232324,1,0.059587389041934516
"frozenset({'ram_medium', 'mobile_wt_medium'})",frozenset({'price_range_2'}),0.157,0.25,0.0715,0.45541401273885346,1.8216560509554138,1.0,0.032249999999999994,1.3771929824561404,0.535052136475624,0.21311475409836061,0.2738853503184713,0.3707070063694267,2,0.0593169499776867
"frozenset({'px_width_high', 'ram_low'})",frozenset({'price_range_0'}),0.0865,0.25,0.048,0.5549132947976879,2.2196531791907517,1.0,0.026375000000000003,1.6850649350649354,0.6015097609925197,0.16637781629116116,0.4065510597302506,0.373456647398844,0,0.059122322830699334
"frozenset({'ram_medium', 'sc_w_medium'})",frozenset({'price_range_2'}),0.147,0.25,0.068,0.4625850340136055,1.850340136054422,1.0,0.03125000000000001,1.3955696202531647,0.5387559478656646,0.2066869300911854,0.2834467120181407,0.36729251700680277,2,0.05820389652459626
"frozenset({'n_cores_high', 'ram_medium'})",frozenset({'price_range_2'}),0.153,0.25,0.0695,0.45424836601307195,1.8169934640522878,1.0,0.03125000000000001,1.3742514970059883,0.5308622051591314,0.20839580209895053,0.2723311546840959,0.366124183006536,2,0.05736295869110173
"frozenset({'ram_high', 'battery_power_low'})",frozenset({'price_range_3'}),0.0935,0.25,0.0495,0.5294117647058824,2.1176470588235294,1.0,0.026125000000000002,1.59375,0.5822148679291537,0.1683673469387755,0.37254901960784315,0.3637058823529412,3,0.05549480968858132
"frozenset({'battery_power_high', 'ram_low'})",frozenset({'price_range_0'}),0.089,0.25,0.0475,0.5337078651685394,2.1348314606741576,1.0,0.02525,1.6084337349397593,0.583511468022416,0.16295025728987994,0.3782771535580525,0.3618539325842697,0,0.054120376215124374
"frozenset({'ram_medium', 'm_dep_high'})",frozenset({'price_range_1'}),0.1,0.25,0.0505,0.505,2.02,1.0,0.025500000000000002,1.5151515151515151,0.5610561056105611,0.16861435726210353,0.34,0.35350000000000004,1,0.05151505
"frozenset({'sc_h_medium', 'ram_medium'})",frozenset({'price_range_2'}),0.1345,0.25,0.061,0.4535315985130111,1.8141263940520445,1.0,0.027374999999999997,1.3724489795918364,0.5185101002926386,0.18856259659969088,0.2713754646840148,0.3487657992565055,2,0.05018858224734317
"frozenset({'ram_medium', 'pc_high'})",frozenset({'price_range_2'}),0.1345,0.25,0.061,0.4535315985130111,1.8141263940520445,1.0,0.027374999999999997,1.3724489795918364,0.5185101002926386,0.18856259659969088,0.2713754646840148,0.3487657992565055,2,0.05018858224734317
"frozenset({'fc_medium', 'ram_medium'})",frozenset({'price_range_2'}),0.1215,0.25,0.0565,0.4650205761316873,1.8600823045267492,1.0,0.026125000000000002,1.4019230769230768,0.5263396477301917,0.17936507936507937,0.2866941015089164,0.34551028806584366,2,0.04887117478704128
"frozenset({'ram_medium', 'mobile_wt_low'})",frozenset({'price_range_1'}),0.1285,0.25,0.058,0.45136186770428016,1.8054474708171206,1.0,0.025875000000000002,1.3670212765957446,0.5118998160128198,0.1809672386895476,0.26848249027237353,0.3416809338521401,1,0.0472647882632591
"frozenset({'ram_medium', 'sc_h_low'})",frozenset({'price_range_1'}),0.122,0.25,0.0555,0.45491803278688525,1.819672131147541,1.0,0.025,1.3759398496240602,0.5130415153194197,0.17535545023696683,0.273224043715847,0.3384590163934426,1,0.04594299247514109
"frozenset({'ram_medium', 'sc_h_low'})",frozenset({'price_range_2'}),0.122,0.25,0.0555,0.45491803278688525,1.819672131147541,1.0,0.025,1.3759398496240602,0.5130415153194197,0.17535545023696683,0.273224043715847,0.3384590163934426,2,0.04594299247514109
"frozenset({'ram_medium', 'pc_low'})",frozenset({'price_range_1'}),0.1065,0.25,0.0505,0.47417840375586856,1.8967136150234742,1.0,0.023875000000000004,1.4263392857142856,0.529123981228565,0.16503267973856212,0.2989045383411581,0.3380892018779343,1,0.04541872203486964
"frozenset({'ram_medium', 'n_cores_medium'})",frozenset({'price_range_2'}),0.1115,0.25,0.0515,0.4618834080717488,1.8475336322869953,1.0,0.023624999999999997,1.39375,0.516305980954046,0.1661290322580645,0.28251121076233177,0.3339417040358744,2,0.04394727422630657
"frozenset({'ram_high', 'battery_power_low'})",frozenset({'price_range_2'}),0.0935,0.25,0.044,0.47058823529411764,1.8823529411764706,1.0,0.020624999999999998,1.4166666666666667,0.5170987313844456,0.1469115191986644,0.29411764705882354,0.32329411764705884,2,0.038975778546712796
"frozenset({'ram_medium', 'three_g_low'})",frozenset({'price_range_1'}),0.089,0.25,0.0415,0.4662921348314607,1.8651685393258428,1.0,0.019250000000000003,1.405263157894737,0.5091717032785368,0.13949579831932774,0.28838951310861427,0.31614606741573037,1,0.03609310693094307
"frozenset({'ram_medium', 'clock_speed_high'})",frozenset({'price_range_2'}),0.0945,0.25,0.043,0.455026455026455,1.82010582010582,1.0,0.019374999999999996,1.3762135922330097,0.49760507492969314,0.14262023217247094,0.27336860670194,0.3135132275132275,2,0.0356124408611181
