arm_score_price_0,arm_score_price_1,arm_score_price_2,arm_score_price_3
0.0,0.6679302463998582,0.3253329312921492,0.0
0.0,0.878085602368226,0.40073419877121963,0.0
0.0,0.8788830721517203,0.4948700552448694,0.0
0.0,0.4508384260241953,0.7730995371404474,0.0
0.0,0.6614168794831962,0.7221399930291162,0.0
4.782987545831689,0.0,0.0,0.0
0.0,0.0,0.0,5.000254774595468
5.067060454287809,0.0,0.0,0.0
5.261246700148063,0.0,0.0,0.0
5.209654235548298,0.0,0.0,0.0
0.0,0.0,0.038975778546712796,3.9973420484926074
0.0,0.0,0.0,5.087387762338257
0.0,0.4128138121439574,0.7229756928408492,0.0
0.0,0.674685722393195,0.5471025249396022,0.0
4.925531405718372,0.0,0.0,0.0
4.700664849901712,0.0,0.0,0.0
0.0,0.0,0.038975778546712796,4.844251251463244
0.0,0.0,0.038975778546712796,4.619455731004081
0.0,0.5960070850680633,0.4146779484637365,0.0
0.0,0.8178915836437978,0.43685547440291767,0.0
0.0,0.5626121567001765,0.49783996451901913,0.0
0.0,0.0,0.0,5.164819229280752
0.0,0.6575058770013971,0.37770461161666374,0.0
5.04584234784441,0.0,0.0,0.0
0.0,0.8843617670871573,0.45437036828515126,0.0
0.0,0.9265207749271136,0.3027218963743994,0.0
0.0,0.0,0.038975778546712796,4.566386004647125
0.0,0.0,0.0,5.122960868619502
0.0,0.7994708791459617,0.40003200266265126,0.0
5.21246251282387,0.0,0.0,0.0
0.0,0.0,0.0,5.0426394282199025
4.7684374135160805,0.0,0.0,0.0
0.0,1.1470272380253925,0.3152554596717201,0.0
0.0,0.0,0.0,5.108796930738524
5.367594029546656,0.0,0.0,0.0
4.634205977785162,0.0,0.0,0.0
0.0,0.6993666176516399,0.4505143369822428,0.0
0.0,0.0,0.0,5.076566165420431
0.0,0.0,0.038975778546712796,4.302241853109569
0.0,0.4653174781956814,0.4944485221197213,0.0
0.0,0.730111050966704,0.4938184429507017,0.0
0.0,0.0,0.0,4.782704282032029
0.0,0.9000123736226721,0.5044456852368571,0.0
0.0,0.6744110242798982,0.6396528122887225,0.0
4.618313700711317,0.0,0.0,0.0
4.745812931925828,0.0,0.0,0.0
0.0,0.0,0.0,5.050888843259017
0.0,0.9521217549702655,0.31881204836089005,0.0
5.272205785305112,0.0,0.0,0.0
0.0,0.0,0.038975778546712796,4.210540858105616
0.0,0.7205756118887796,0.5426829315515014,0.0
0.0,0.49290479857539793,0.4670624663662813,0.0
0.0,0.0,0.0,5.171881652269674
0.0,0.7398746483113791,0.5305685435779162,0.0
0.0,0.0,0.0,4.594990561463553
0.0,0.3528223490826876,0.7309942855227292,0.0
4.847443514750047,0.0,0.0,0.0
0.0,0.0,0.0,4.957928122879245
0.0,0.43862198982687467,0.5383577753783468,0.0
0.0,0.0,0.0,4.63521192467967
0.0,0.5474221423743888,0.6218847805951147,0.0
5.4610687630158505,0.0,0.0,0.0
5.229357476544616,0.0,0.0,0.0
0.0,0.47490293522993876,0.5444449191842201,0.0
0.0,0.0,0.038975778546712796,4.850382000492787
0.0,0.0,0.038975778546712796,4.98143838079506
0.0,0.0,0.0,4.6932514213433265
0.0,0.0,0.0,4.735853940844674
5.294147793032029,0.0,0.0,0.0
0.0,0.0,0.0,4.801637521375671
0.0,0.0,0.0,4.9520579477051205
0.0,0.6979715470052505,0.6107138515973758,0.0
5.223615654988319,0.0,0.0,0.0
0.0,0.0,0.0,4.891059426206376
4.820240516689323,0.0,0.0,0.0
0.0,0.8400132089841126,0.47315434179950555,0.0
4.963130811075124,0.0,0.0,0.0
0.0,0.8470387734821718,0.19202607121211623,0.0
0.0,0.0,0.0,4.673585091234529
0.0,0.7291569858588727,0.35623124057722655,0.0
0.0,0.0,0.0,5.206904521005939
0.0,0.337725271658367,0.6137510442638439,0.0
0.0,0.0,0.0,4.676843404396252
0.0,0.4762760713203416,0.6500081256443115,0.0
0.0,0.9428371803818723,0.41057979189050936,0.0
4.7610305616257165,0.0,0.0,0.0
4.970882601896627,0.0,0.0,0.0
0.0,0.0,0.0,5.0884607618848
0.0,0.7844137970005812,0.5379382712922776,0.0
0.0,0.8029612858569318,0.41511307231987116,0.0
0.0,0.630972428968001,0.3638045707673699,0.0
0.0,0.5121661909168409,0.654535069526311,0.0
0.0,0.7692039448531707,0.4087382880140508,0.0
5.194509940886714,0.0,0.0,0.0
0.0,0.647164327353226,0.3113276087941453,0.0
0.0,0.0,0.0,4.68220300851606
4.903367110111303,0.0,0.0,0.0
0.0,0.39605212760117703,0.6965301626338892,0.0
0.0,0.7731138330642694,0.36432578865788,0.0
0.0,0.4963139235605082,0.7122538622935548,0.0
0.0,0.46005701680403244,0.9018098181210484,0.0
5.04337386112389,0.0,0.0,0.0
0.0,0.5457764012093901,0.4664002829432306,0.0
5.116861031115673,0.0,0.0,0.0
5.555372809952298,0.0,0.0,0.0
0.0,0.987168123365518,0.3606789003003259,0.0
0.0,0.5787479444668753,0.4010869618538903,0.0
0.0,0.4057329506279362,0.7187269190302122,0.0
0.0,0.0,0.0,4.952109205836862
0.0,0.6135424709705473,0.490909440380584,0.0
0.0,0.9551901818785252,0.3392143576567317,0.0
0.0,0.5268607666560864,0.45676872700344556,0.0
5.272978368052559,0.0,0.0,0.0
0.0,0.0,0.0,4.359230869954952
0.0,0.0,0.0,5.0383374685059445
0.0,0.6349806360694293,0.7127038634346797,0.0
0.0,0.0,0.038975778546712796,4.817703337873329
0.0,1.085865208389362,0.3068884166841791,0.0
4.731688416443366,0.0,0.0,0.0
4.478130151273898,0.0,0.0,0.0
0.0,0.6343841504058416,0.5310147521973763,0.0
0.0,0.0,0.038975778546712796,4.9967618880720135
0.0,0.0,0.038975778546712796,4.251746146358841
0.0,0.0,0.0,4.986782128122465
0.0,0.7020102254387863,0.5165888651905738,0.0
0.0,0.0,0.0,4.465696806338058
0.0,0.9482691817513795,0.39237652292998,0.0
0.0,0.5603206645836777,0.6353776201010392,0.0
0.0,0.0,0.0,4.877439359789903
5.02539606972771,0.0,0.0,0.0
0.0,0.0,0.0,4.726750647285945
4.540423659885932,0.0,0.0,0.0
0.0,0.0,0.038975778546712796,4.472107575407207
0.0,0.7425906344966047,0.4428188199675279,0.0
0.0,0.7140595507484567,0.4779634243639762,0.0
0.0,0.8067682245636573,0.38286533921974775,0.0
0.0,0.7747616032126141,0.5075968591731289,0.0
0.0,0.0,0.038975778546712796,4.9785686533378035
4.835925400174372,0.0,0.0,0.0
0.0,0.7655748176415084,0.46280055711988594,0.0
4.532501400375863,0.0,0.0,0.0
5.290632585901031,0.0,0.0,0.0
0.0,0.0,0.0,5.052813100403797
0.0,0.60410167069956,0.4980639121764074,0.0
5.182198101867914,0.0,0.0,0.0
0.0,0.0,0.0,5.121313565904676
0.0,0.7664889262630885,0.37679332769121004,0.0
0.0,0.0,0.0,5.228364130507725
0.0,0.6140095497573722,0.2334591909646242,0.0
0.0,0.0,0.038975778546712796,4.76385529238057
0.0,0.8793998976640109,0.46479344789159255,0.0
0.0,0.0,0.038975778546712796,4.428398274785534
4.607392661445058,0.0,0.0,0.0
0.0,1.0037315875569985,0.3388194162767472,0.0
4.877770911675073,0.0,0.0,0.0
0.0,0.6092828500210438,0.5952446357764309,0.0
4.8333165437602545,0.0,0.0,0.0
4.8676609637092,0.0,0.0,0.0
0.0,0.0,0.0,4.407534763003033
4.614389329459061,0.0,0.0,0.0
0.0,0.0,0.0,5.2489861977545145
0.0,0.0,0.0,4.643786480603597
5.038669303893544,0.0,0.0,0.0
4.340053724556464,0.0,0.0,0.0
0.0,0.6531327433999077,0.6097975351108328,0.0
0.0,0.0,0.038975778546712796,4.791247894947828
0.0,0.6939860284453363,0.59953970504711,0.0
0.0,0.6038207531690383,0.6616563983230416,0.0
0.0,0.3216188288208177,0.8923577867818321,0.0
4.393744023535367,0.0,0.0,0.0
0.0,0.0,0.0,5.09022471878732
0.0,0.7158541314576727,0.5747990263387645,0.0
0.0,0.0,0.038975778546712796,4.754407009889539
0.0,0.5191757398951339,0.6915247338263317,0.0
0.0,0.0,0.038975778546712796,4.6508484005551525
0.0,0.6837812820091154,0.5293473681194766,0.0
5.22454800118752,0.0,0.0,0.0
0.0,0.42025221102768745,0.7395104249368736,0.0
0.0,0.7646849814691489,0.544680468843727,0.0
0.0,0.758525639843232,0.21930332877693848,0.0
0.0,0.6147724311996954,0.7291463076065882,0.0
5.154920097490538,0.0,0.0,0.0
0.0,0.7740451038719818,0.39069662775348674,0.0
0.0,0.0,0.0,4.577569193875425
0.0,0.0,0.0,4.60234014059101
5.30356914475267,0.0,0.0,0.0
0.0,0.5412132893696754,0.7337834542466117,0.0
0.0,0.0,0.0,5.269009404345329
0.0,0.7642096461662271,0.6151774091276052,0.0
0.0,0.0,0.0,5.165313860453189
0.0,0.46595932388237016,0.5161859509567917,0.0
0.0,0.41939214163871946,0.8493396207707762,0.0
0.0,0.0,0.0,5.001885605056071
0.0,0.0,0.0,4.970127612492054
0.0,0.5564360403138908,0.7397912286576664,0.0
0.0,0.6357150001363712,0.5880951808843279,0.0
0.0,0.8680263989066888,0.4599722558095726,0.0
0.0,0.0,0.0,5.1778992457241175
0.0,0.592811407752492,0.5615449214273063,0.0
4.632914195997044,0.0,0.0,0.0
5.19090571879078,0.0,0.0,0.0
0.0,0.6962711073656154,0.5630805814526664,0.0
5.410003507899045,0.0,0.0,0.0
0.0,0.5666119993747774,0.6252136582975358,0.0
0.0,0.28400362159978504,0.7564235651714105,0.0
0.0,0.6701907196006893,0.5784794709298016,0.0
0.0,0.0,0.0,4.523373470346366
4.3768201904292106,0.0,0.0,0.0
0.0,0.0,0.038975778546712796,4.883288821021385
0.0,0.0,0.0,5.050065061433859
0.0,0.8711504519881507,0.3170623976147574,0.0
0.0,0.5168344434484877,0.70333500692374,0.0
4.67786787964138,0.0,0.0,0.0
0.0,0.5204048454377816,0.70135880111952,0.0
5.196457173451363,0.0,0.0,0.0
0.0,0.0,0.0,5.330217072340652
5.391997177909548,0.0,0.0,0.0
0.0,0.8541990193413932,0.4149285292531222,0.0
4.6679586897379295,0.0,0.0,0.0
0.0,0.0,0.0,4.46015778666484
4.9268480521331535,0.0,0.0,0.0
5.469120252230018,0.0,0.0,0.0
0.0,0.0,0.0,4.549114612393421
0.0,0.8638319033072783,0.5696135598919764,0.0
0.0,0.0,0.0,4.500392506783211
0.0,0.0,0.0,5.1886710481337035
0.0,0.0,0.0,4.611448077652279
0.0,0.6506891007227904,0.4323018941430205,0.0
0.0,0.6563070376440876,0.5885641618919338,0.0
0.0,0.5439663926681424,0.5435333009069118,0.0
0.0,0.0,0.0,4.425015068504666
0.0,0.0,0.0,4.731435099491029
4.830804450199247,0.0,0.0,0.0
0.0,0.9042706388749605,0.353124336502092,0.0
0.0,0.0,0.038975778546712796,4.290416046240368
4.938455892096437,0.0,0.0,0.0
0.0,0.521596369121108,0.5927870404833387,0.0
0.0,0.0,0.0,4.599965382935315
0.0,0.7018089826215752,0.5303131986764565,0.0
4.884087135546638,0.0,0.0,0.0
0.0,0.0,0.038975778546712796,4.876402087682081
0.0,0.4447977025485033,0.622173129785667,0.0
0.0,0.0,0.038975778546712796,4.854496447092387
0.0,0.5846092326348227,0.5935986349775411,0.0
0.0,0.0,0.0,4.773602390188127
0.0,0.0,0.0,4.846111917566747
4.682178635282923,0.0,0.0,0.0
0.0,0.728320820598819,0.36541183229671076,0.0
0.0,0.6619129009521539,0.6163961584315412,0.0
5.1380804756193035,0.0,0.0,0.0
0.0,0.0,0.038975778546712796,4.074069398742942
0.0,0.5090532250911565,0.5469279786306939,0.0
0.0,1.0587636749755698,0.25852999273237615,0.0
5.255959728147691,0.0,0.0,0.0
4.282851408127482,0.0,0.0,0.0
0.0,0.0,0.0,4.965092729611944
5.5558313569302475,0.0,0.0,0.0
0.0,0.9464265049551566,0.38214172747314984,0.0
4.852998086855614,0.0,0.0,0.0
0.0,0.0,0.0,4.9681726775997
4.639594571202401,0.0,0.0,0.0
0.0,0.9231987021502955,0.3762863709434894,0.0
5.317566055707319,0.0,0.0,0.0
5.035429688871745,0.0,0.0,0.0
0.0,0.0,0.0,4.749618430567835
4.369406004946085,0.0,0.0,0.0
0.0,0.46579395329215284,0.7701602237526931,0.0
0.0,0.8337244377607893,0.4310129022601911,0.0
0.0,0.8258716862273553,0.3414583027834294,0.0
4.67108037043599,0.0,0.0,0.0
4.641846952092548,0.0,0.0,0.0
5.255916013014955,0.0,0.0,0.0
0.0,0.0,0.0,5.274288565416456
0.0,0.7636200097895718,0.508582655860774,0.0
0.0,0.8517613398698116,0.29886346452053253,0.0
0.0,0.5844364662763974,0.4643503301508858,0.0
0.0,0.0,0.0,5.004879978061022
0.0,0.7253228707189227,0.6974918332531092,0.0
5.300066072535559,0.0,0.0,0.0
4.981086004216614,0.0,0.0,0.0
0.0,0.0,0.0,4.768282954148842
0.0,0.0,0.0,4.953275522617773
4.983797493005358,0.0,0.0,0.0
0.0,0.5839692247274582,0.5733343678817339,0.0
0.0,0.5173424241984883,0.6570601195424542,0.0
0.0,0.6117717449158095,0.5509483686099271,0.0
0.0,0.0,0.038975778546712796,4.4189027928240945
0.0,0.0,0.0,4.939581242513102
0.0,0.7440243775561441,0.38192913528553835,0.0
0.0,0.9073305291141849,0.31600282517459377,0.0
0.0,0.0,0.0,4.590869437953212
0.0,0.0,0.0,4.361024467579738
4.153781685641637,0.0,0.0,0.0
0.0,0.6131638593575665,0.5456976363084146,0.0
5.221644478624471,0.0,0.0,0.0
0.0,0.6741854437306847,0.5257589598831669,0.0
0.0,0.0,0.0,4.304111155022967
4.958160352231214,0.0,0.0,0.0
5.022791873107325,0.0,0.0,0.0
0.0,0.7068912158551058,0.6323831094843366,0.0
0.0,0.0,0.0,4.480573010629493
5.186326826255541,0.0,0.0,0.0
5.030240121096148,0.0,0.0,0.0
0.0,0.0,0.0,4.54390598697832
5.382721115470679,0.0,0.0,0.0
4.25519067738201,0.0,0.0,0.0
5.123260285927487,0.0,0.0,0.0
0.0,0.0,0.0,4.117285395947461
4.545619413953119,0.0,0.0,0.0
0.0,0.5163673813488355,0.6716362129424494,0.0
0.0,0.0,0.0,4.809964642648949
0.0,0.512612987319708,0.5893938262155105,0.0
0.0,0.0,0.038975778546712796,4.983642204754168
5.0779545435499776,0.0,0.0,0.0
0.0,0.8500486472512673,0.17856298327898157,0.0
0.0,0.0,0.0,4.845453349500155
4.407295142312816,0.0,0.0,0.0
5.141068214716864,0.0,0.0,0.0
5.382019934820611,0.0,0.0,0.0
0.0,0.5810362039057974,0.49499685396997284,0.0
5.405927116924481,0.0,0.0,0.0
0.0,0.0,0.0,5.1258694708301356
0.0,0.0,0.0,4.4398850362101925
4.808451917862513,0.0,0.0,0.0
5.13433936318333,0.0,0.0,0.0
5.14870495514925,0.0,0.0,0.0
0.0,0.0,0.0,4.692523365490844
4.421682625951278,0.0,0.0,0.0
0.0,0.8866672307962435,0.24198179282183044,0.0
0.0,0.6093076975226432,0.35547923702766326,0.0
0.0,0.777840049834775,0.3427196179292679,0.0
4.888192869981159,0.0,0.0,0.0
0.0,0.6937211950629437,0.6383237218906869,0.0
5.084617632093098,0.0,0.0,0.0
0.0,0.7609602831066011,0.3561444390466239,0.0
0.0,0.7150095377600654,0.3192758265331186,0.0
0.0,0.0,0.038975778546712796,5.040388364398442
5.423037787307108,0.0,0.0,0.0
0.0,0.0,0.0,5.002985889537778
0.0,0.6441345945163125,0.59524705076635,0.0
0.0,0.0,0.038975778546712796,4.837970140088952
0.0,0.8678038463598291,0.5452371654844761,0.0
0.0,0.47721248906199487,0.7336124016930695,0.0
0.0,0.0,0.0,4.740016216397384
4.5459922624093485,0.0,0.0,0.0
4.693770759755694,0.0,0.0,0.0
0.0,0.0,0.038975778546712796,4.6416425070072265
0.0,0.7747981579278808,0.5605182094043974,0.0
0.0,0.48416559755102345,0.7115279667587994,0.0
0.0,0.0,0.038975778546712796,4.604987521217084
0.0,0.7040297227083401,0.6156509616975202,0.0
0.0,0.32467992090262726,0.6425123932802562,0.0
4.887677645256251,0.0,0.0,0.0
0.0,0.4665064109214332,0.6978332880066564,0.0
0.0,0.0,0.038975778546712796,4.674023073044417
4.592031886700584,0.0,0.0,0.0
0.0,0.7311501331769795,0.31772084449860355,0.0
5.129741527695136,0.0,0.0,0.0
4.696995857947598,0.0,0.0,0.0
0.0,0.0,0.0,5.063213643538827
4.236252323681708,0.0,0.0,0.0
4.882755497653618,0.0,0.0,0.0
0.0,0.0,0.0,5.018965118112364
0.0,0.0,0.038975778546712796,4.51619451550542
0.0,0.7995481269682696,0.41258473512872207,0.0
4.966121751090162,0.0,0.0,0.0
0.0,0.5535173417182278,0.4238823510754469,0.0
0.0,0.0,0.038975778546712796,4.597033751858628
0.0,0.5568431310460938,0.5230246306028545,0.0
4.503365302928647,0.0,0.0,0.0
0.0,0.0,0.0,4.479768774406166
0.0,0.8138638389452376,0.5321674391087818,0.0
0.0,0.0,0.0,4.636223056836828
4.983750212306735,0.0,0.0,0.0
0.0,0.5564393804342986,0.6828995570814962,0.0
0.0,0.7205282393748239,0.44167586941677356,0.0
5.21726238868331,0.0,0.0,0.0
0.0,0.8189398309073886,0.4863036310606725,0.0
4.753083869629345,0.0,0.0,0.0
0.0,0.0,0.0,5.333006902312547
4.299408832174581,0.0,0.0,0.0
0.0,0.0,0.0,4.911682428318113
0.0,0.5466151528663454,0.632179007670186,0.0
0.0,0.0,0.038975778546712796,4.93002472588578
0.0,0.0,0.038975778546712796,4.450305973121922
0.0,0.0,0.0,4.770439945212828
0.0,0.0,0.0,4.826559792298235
0.0,0.6510630920722069,0.3145266587722946,0.0
0.0,0.0,0.0,4.807777252082047
0.0,0.0,0.0,5.208969176578275
0.0,0.0,0.0,4.788434782847654
0.0,0.6997212981125345,0.475977825642114,0.0
0.0,0.0,0.0,4.424118160083805
0.0,0.0,0.0,4.728607600244834
4.701652807221528,0.0,0.0,0.0
0.0,0.0,0.0,4.684647286877242
0.0,0.0,0.038975778546712796,4.746649736156929
0.0,0.9029097018284722,0.3110961622584149,0.0
0.0,0.9144817222794608,0.42117664502673324,0.0
0.0,0.0,0.0,4.911064629361299
0.0,0.9221974341688345,0.36061285921482633,0.0
0.0,0.0,0.0,4.87895197142755
0.0,0.0,0.0,4.674079481793061
0.0,0.6263952042486027,0.48895989995614764,0.0
0.0,0.7024250463721923,0.7005242887836264,0.0
0.0,0.0,0.0,4.973079458145465
0.0,0.0,0.0,4.670995858381527
0.0,0.5989356272527763,0.5734617142305273,0.0
0.0,0.6219676825257506,0.6103831280428678,0.0
0.0,0.6381188338377222,0.5238224862166211,0.0
5.385565544910614,0.0,0.0,0.0
0.0,0.0,0.0,5.089747379272503
4.431616849829896,0.0,0.0,0.0
0.0,0.7275442981999123,0.32518823425967025,0.0
0.0,0.0,0.038975778546712796,4.60720148682496
0.0,0.7657042884157129,0.5420773894215438,0.0
0.0,0.7710318363957165,0.3995163464627427,0.0
0.0,0.8431313096078339,0.4093325147778537,0.0
0.0,0.6573374232501261,0.39226755673638497,0.0
5.435302032725363,0.0,0.0,0.0
0.0,0.7065298972181875,0.5474974663195867,0.0
0.0,0.6078426269286015,0.4235959592676784,0.0
0.0,0.5969394156959157,0.7073954398454972,0.0
4.812808759863083,0.0,0.0,0.0
0.0,0.0,0.038975778546712796,4.208409711679114
0.0,0.0,0.0,4.809964331507243
4.655017676947491,0.0,0.0,0.0
0.0,0.0,0.0,5.115721917157296
0.0,0.6489913140774802,0.5218970684621861,0.0
0.0,0.7177208746184427,0.5742128881565405,0.0
0.0,0.0,0.0,4.909430914462077
0.0,0.8750901746547298,0.3135055830107696,0.0
0.0,0.46237156963841924,0.5732150582800725,0.0
5.427859510187857,0.0,0.0,0.0
5.248498103849042,0.0,0.0,0.0
5.380392065839556,0.0,0.0,0.0
0.0,0.0,0.038975778546712796,4.772620955657543
4.803842842595604,0.0,0.0,0.0
0.0,0.0,0.038975778546712796,4.646418770766971
4.97420396855474,0.0,0.0,0.0
4.841502343578426,0.0,0.0,0.0
4.725792248879849,0.0,0.0,0.0
0.0,0.0,0.038975778546712796,4.566645245734587
4.068823499452024,0.0,0.0,0.0
5.199294707282045,0.0,0.0,0.0
4.397464824790086,0.0,0.0,0.0
0.0,0.7442684292025228,0.65869267685585,0.0
0.0,0.3925642977600247,0.5632575705864374,0.0
0.0,0.4487281192930088,0.7354007927024845,0.0
0.0,0.851371565569296,0.2989294416245445,0.0
0.0,1.1651194264513636,0.30898755990551985,0.0
0.0,0.7131011033308079,0.4852111440348099,0.0
0.0,0.0,0.0,5.132894477164776
5.006193260137738,0.0,0.0,0.0
0.0,0.0,0.038975778546712796,4.768289145712941
0.0,0.6528085518667467,0.6168800505762885,0.0
4.580792626640287,0.0,0.0,0.0
0.0,0.0,0.0,4.84418684432004
0.0,0.7790438902642375,0.38316163188303826,0.0
5.098007347151523,0.0,0.0,0.0
0.0,0.6674339828480615,0.4959744493512932,0.0
0.0,0.5792275823888473,0.5311076127850194,0.0
0.0,0.7435849206373526,0.5172332004634617,0.0
4.907582728681638,0.0,0.0,0.0
4.953778104902041,0.0,0.0,0.0
0.0,0.0,0.0,5.0395746243260255
0.0,0.0,0.0,5.198162536004379
5.19474883228497,0.0,0.0,0.0
5.473949961127183,0.0,0.0,0.0
0.0,0.7867833151934008,0.4165230203964486,0.0
0.0,0.0,0.038975778546712796,4.279240096416611
0.0,0.0,0.0,4.459517453550543
0.0,0.8839260284642798,0.4207697909929909,0.0
0.0,0.9201866066959249,0.4287096829781949,0.0
0.0,0.7024260449034304,0.5122366354244328,0.0
0.0,0.0,0.0,4.528748961808959
0.0,0.0,0.0,5.363858237497141
5.056940955490103,0.0,0.0,0.0
0.0,0.0,0.0,4.426964093696702
0.0,0.0,0.0,5.036200747468197
5.087338636482272,0.0,0.0,0.0
0.0,0.0,0.0,5.2933168096720955
4.345389756308186,0.0,0.0,0.0
0.0,0.0,0.0,4.993482457887229
0.0,0.6353522631232837,0.6745648678278876,0.0
5.078973583008959,0.0,0.0,0.0
0.0,0.5400165855763712,0.7194524848414149,0.0
0.0,0.5206569885920289,0.8117331365355779,0.0
4.6921975092635195,0.0,0.0,0.0
0.0,0.8684729226249024,0.3634013432836624,0.0
4.822040336698977,0.0,0.0,0.0
0.0,0.0,0.0,5.039892228740766
0.0,0.0,0.038975778546712796,4.703740678743933
4.3065925221031645,0.0,0.0,0.0
0.0,0.5230668620373947,0.7374759913208966,0.0
0.0,0.6680954890681935,0.4666655674876557,0.0
0.0,0.0,0.0,4.5094137486584005
0.0,0.7520376844483242,0.4261597789203931,0.0
0.0,0.7430648369154409,0.5694850421915465,0.0
0.0,0.0,0.038975778546712796,4.730403727625625
5.013299505139509,0.0,0.0,0.0
0.0,0.0,0.0,4.894790588561893
4.877601023729982,0.0,0.0,0.0
4.785008814762739,0.0,0.0,0.0
5.180937241204542,0.0,0.0,0.0
4.924700577853409,0.0,0.0,0.0
0.0,0.7103881101887017,0.6377964209074882,0.0
0.0,0.8657020157893758,0.22844670221143143,0.0
0.0,0.43350037474382747,0.3535458121683062,0.0
0.0,0.6087921230872587,0.689326709832381,0.0
0.0,0.0,0.038975778546712796,4.608913636260275
0.0,0.0,0.0,4.207704641790891
4.50243776110366,0.0,0.0,0.0
0.0,0.6837370739972503,0.6000999798971842,0.0
0.0,0.7762436082957297,0.5184549964378271,0.0
0.0,0.0,0.0,4.543425091162736
0.0,0.6682758003427011,0.4302163333139805,0.0
0.0,0.0,0.0,4.360054836968638
0.0,0.0,0.0,4.70600923493604
0.0,0.0,0.0,4.989657674611535
0.0,0.65045240101841,0.5186883738647019,0.0
0.0,0.5642708884395611,0.714456753430356,0.0
0.0,0.0,0.0,5.111867296464802
0.0,0.0,0.0,4.49715544785331
0.0,0.0,0.038975778546712796,4.911038345602996
0.0,0.0,0.0,5.149853433721865
0.0,0.4943419664419817,0.6794366541183345,0.0
0.0,0.570717233248223,0.600514825925104,0.0
0.0,0.6611217829971597,0.5996971608513525,0.0
0.0,0.6819475923709702,0.6362358534989824,0.0
5.5453417581446525,0.0,0.0,0.0
5.275517499282343,0.0,0.0,0.0
0.0,0.0,0.038975778546712796,4.598446372609904
0.0,0.6991184892957262,0.5089946873445347,0.0
0.0,0.8208505161632119,0.4468148048272033,0.0
0.0,0.6360186721095997,0.46225645487562655,0.0
4.874793186510663,0.0,0.0,0.0
0.0,0.0,0.038975778546712796,4.191919078419692
0.0,0.0,0.038975778546712796,4.669828017428805
0.0,0.8807669539919564,0.2601787791116462,0.0
4.709837323783877,0.0,0.0,0.0
0.0,0.0,0.038975778546712796,5.056479779769936
0.0,0.8051136547523059,0.42838366305825337,0.0
0.0,0.6302993919888534,0.6534308995627146,0.0
0.0,0.7541358801502285,0.4666428908788186,0.0
0.0,0.6504632029829053,0.5418306466467446,0.0
0.0,1.0356695761805184,0.25072709824848727,0.0
0.0,0.8727055653795214,0.37514557043579366,0.0
0.0,0.0,0.038975778546712796,4.544286794473718
0.0,0.9517341208251414,0.3490954112445382,0.0
0.0,0.0,0.0,4.479410043987185
4.737055569765562,0.0,0.0,0.0
0.0,0.6840492315163982,0.506186775243163,0.0
5.134473935945233,0.0,0.0,0.0
5.250683995234817,0.0,0.0,0.0
4.8314879433100195,0.0,0.0,0.0
0.0,0.3472852487202298,0.7840474846023825,0.0
0.0,0.0,0.0,4.923172373813007
0.0,0.7877942109195979,0.26949068660298137,0.0
5.136718488022816,0.0,0.0,0.0
0.0,0.0,0.0,4.398417085132526
0.0,0.6415733956811799,0.3214130163891632,0.0
0.0,0.3682120730660501,0.8656630989060689,0.0
4.772436642359211,0.0,0.0,0.0
0.0,0.0,0.038975778546712796,4.022005255184528
4.228646977529053,0.0,0.0,0.0
5.216681745296879,0.0,0.0,0.0
3.8109208118402647,0.0,0.0,0.0
0.0,0.0,0.0,4.404933208044474
0.0,0.0,0.0,5.19338708476178
0.0,0.0,0.0,4.784552224070842
0.0,0.0,0.0,4.84905306745843
0.0,0.0,0.0,4.7983824564743305
0.0,0.0,0.0,5.269425315672285
5.304861703905592,0.0,0.0,0.0
0.0,0.0,0.0,4.8718604935356185
0.0,0.6591637996480844,0.5328018779636948,0.0
4.653622919821073,0.0,0.0,0.0
5.332097724547131,0.0,0.0,0.0
0.0,0.6432764559030726,0.6257271639679084,0.0
0.0,0.0,0.0,5.239701294061889
0.0,0.0,0.0,5.045885930682871
5.248088657042363,0.0,0.0,0.0
5.3231020472133626,0.0,0.0,0.0
0.0,0.0,0.038975778546712796,3.8798881444908795
5.105277935898124,0.0,0.0,0.0
5.075726583117895,0.0,0.0,0.0
4.704828234063542,0.0,0.0,0.0
4.280050824600887,0.0,0.0,0.0
4.999237273171158,0.0,0.0,0.0
0.0,0.0,0.038975778546712796,4.263724203589607
0.0,0.0,0.0,4.99529751677588
4.484306262586079,0.0,0.0,0.0
0.0,0.0,0.0,5.211435337915095
0.0,0.860753581358332,0.41824846271483307,0.0
5.141731393521835,0.0,0.0,0.0
0.0,0.0,0.0,4.778412024801776
0.0,0.0,0.038975778546712796,4.870227987003584
4.407125931560602,0.0,0.0,0.0
5.076688471757663,0.0,0.0,0.0
0.0,0.8083376487660806,0.2707908967818313,0.0
0.0,0.0,0.0,5.444507402189859
4.903772496122065,0.0,0.0,0.0
0.0,0.4462783586300816,0.7836208964448138,0.0
4.637539460409421,0.0,0.0,0.0
0.0,0.8375039812794408,0.43314153922586873,0.0
0.0,0.4829245993965971,0.7560482984868824,0.0
5.140017711908697,0.0,0.0,0.0
0.0,0.0,0.0,4.691204121953918
0.0,0.6366687132988048,0.5389534657638282,0.0
4.975759330012266,0.0,0.0,0.0
0.0,0.7714258792919225,0.38134946672082576,0.0
0.0,0.0,0.0,5.121011524506148
5.074014906161742,0.0,0.0,0.0
0.0,0.0,0.038975778546712796,4.220184278046686
0.0,0.0,0.038975778546712796,4.34509797955506
0.0,0.0,0.0,4.546574516213721
0.0,0.8283843121583274,0.283174269681217,0.0
0.0,0.0,0.038975778546712796,4.800955012112739
0.0,0.0,0.038975778546712796,4.594007442813328
0.0,0.0,0.0,4.719846827848098
4.633733974722543,0.0,0.0,0.0
0.0,0.7330204390709739,0.5456205810383591,0.0
0.0,0.7417264270994569,0.496301051890865,0.0
0.0,0.6152712876465755,0.5526587936880439,0.0
0.0,0.4250713500733576,0.7586579929582112,0.0
4.791069476755852,0.0,0.0,0.0
4.667843763372427,0.0,0.0,0.0
5.4648769884149635,0.0,0.0,0.0
4.779899327568053,0.0,0.0,0.0
4.802416153874622,0.0,0.0,0.0
0.0,0.0,0.0,4.984669815301676
0.0,0.7458387913824688,0.5571681127757723,0.0
0.0,0.8196418598916848,0.3851573501318728,0.0
0.0,0.0,0.0,4.921035307521959
0.0,0.7412426373099852,0.5571453858964655,0.0
0.0,0.0,0.038975778546712796,4.640104703826348
0.0,0.6514492454258103,0.7349719558081298,0.0
0.0,0.757357602272806,0.4771185217802941,0.0
0.0,0.668864342099709,0.4677356445013737,0.0
0.0,0.7933452455299219,0.3388858553710887,0.0
0.0,0.7228691107954599,0.49956671171070405,0.0
5.44390572392307,0.0,0.0,0.0
0.0,0.8285930168367555,0.4126555892580263,0.0
4.961497104751138,0.0,0.0,0.0
0.0,0.5665871116062993,0.47445220924517734,0.0
5.227248653667472,0.0,0.0,0.0
0.0,0.8006648829962728,0.4633703769919541,0.0
0.0,0.0,0.0,4.773762586032241
0.0,0.7493940432002841,0.3010843825623358,0.0
0.0,0.0,0.0,4.082339645080986
0.0,0.5630290411772395,0.828879096165088,0.0
5.3869160509349046,0.0,0.0,0.0
0.0,0.6016510545637799,0.5311475002061233,0.0
5.361678857140312,0.0,0.0,0.0
0.0,0.0,0.0,5.114154419435251
0.0,0.30241105546704966,0.7273726812905686,0.0
0.0,0.7394505642449684,0.4475110456282189,0.0
0.0,0.0,0.0,4.846135373349151
0.0,0.5437475366943894,0.6168559644619549,0.0
5.207931223054891,0.0,0.0,0.0
4.751059145045501,0.0,0.0,0.0
4.071489914839553,0.0,0.0,0.0
0.0,0.43365628799828493,0.7156599692608144,0.0
5.221305928674644,0.0,0.0,0.0
4.928953939192848,0.0,0.0,0.0
4.667584771310067,0.0,0.0,0.0
0.0,0.0,0.038975778546712796,4.60587503006208
0.0,0.0,0.0,5.084115990937919
0.0,0.545304691564558,0.6701791875344735,0.0
0.0,0.5851327325739375,0.5281643813925638,0.0
0.0,0.9606045482432893,0.3182705387021735,0.0
4.511977163914006,0.0,0.0,0.0
0.0,0.7433283609017401,0.4121922528810198,0.0
5.3417816627573895,0.0,0.0,0.0
0.0,0.0,0.038975778546712796,4.755645606591091
0.0,0.0,0.0,4.966110284751559
0.0,0.876044166874683,0.4384681303480655,0.0
0.0,0.0,0.0,4.680963216287936
0.0,0.5527351372604461,0.5650364439855046,0.0
0.0,0.0,0.038975778546712796,4.8613795403134485
0.0,0.951945941133744,0.4929616563558819,0.0
0.0,0.8894376746748068,0.45436426667760677,0.0
0.0,0.5014371634943977,0.710474339165881,0.0
0.0,0.7488417495952157,0.5479922976672116,0.0
5.035287294197064,0.0,0.0,0.0
0.0,0.6401082343987122,0.6125749142212361,0.0
4.760129258876583,0.0,0.0,0.0
5.239426221766172,0.0,0.0,0.0
0.0,0.8320852240542287,0.5182574602634216,0.0
0.0,0.0,0.0,4.829551519521035
4.029048428957975,0.0,0.0,0.0
0.0,0.0,0.038975778546712796,4.367246309014331
0.0,0.7695627203184447,0.4704764234789358,0.0
4.622040412395173,0.0,0.0,0.0
0.0,0.7732326754398838,0.4916809093800812,0.0
0.0,0.0,0.0,4.856915100664369
0.0,0.6431442549251295,0.6100610643514762,0.0
0.0,0.7716913728007908,0.3864270050566727,0.0
4.844470362794792,0.0,0.0,0.0
5.026328409859902,0.0,0.0,0.0
0.0,0.0,0.0,4.626479638650189
5.343808071574641,0.0,0.0,0.0
0.0,0.0,0.0,4.96969815903396
0.0,0.0,0.0,4.3768909813950705
0.0,0.6696390638060654,0.48449493823419904,0.0
0.0,0.0,0.0,4.977193523751292
0.0,0.0,0.0,5.079727651625701
0.0,0.0,0.0,4.661640645734866
4.707780300131575,0.0,0.0,0.0
0.0,0.0,0.038975778546712796,4.755249608693507
5.295942436727028,0.0,0.0,0.0
0.0,0.43708230010772475,0.6223906305520434,0.0
4.784169891080438,0.0,0.0,0.0
0.0,0.0,0.0,5.300220704795274
0.0,0.5415706919539545,0.4573211950998915,0.0
4.880982562089109,0.0,0.0,0.0
4.899564094801476,0.0,0.0,0.0
0.0,0.0,0.0,5.084223207368463
0.0,0.788551004389864,0.4500500147542926,0.0
0.0,0.3569575720487777,0.7753401527342064,0.0
0.0,0.0,0.038975778546712796,4.831209809247169
0.0,0.5862456932252986,0.4518287065899832,0.0
4.899923660033754,0.0,0.0,0.0
0.0,0.5535855844434217,0.410555899885372,0.0
0.0,0.6257011156811545,0.512229999120605,0.0
0.0,0.0,0.038975778546712796,4.749785668066076
4.498701389501879,0.0,0.0,0.0
0.0,0.0,0.0,4.596284809431589
0.0,0.0,0.0,4.835795341309464
5.10690572772754,0.0,0.0,0.0
0.0,0.8063857756291458,0.3054663263165453,0.0
4.758943963277919,0.0,0.0,0.0
0.0,0.7711975857338212,0.45460425354758227,0.0
0.0,0.5320589511920082,0.6666572514229574,0.0
5.09254119380286,0.0,0.0,0.0
4.80558372847359,0.0,0.0,0.0
0.0,0.0,0.038975778546712796,4.420210656491338
0.0,0.5975916793219983,0.7157838412868845,0.0
0.0,0.9263082078432231,0.42213270032931427,0.0
0.0,0.0,0.0,4.89563536522679
0.0,0.6828369489951625,0.4061333401481914,0.0
0.0,0.6415921233335413,0.5985452624175825,0.0
0.0,0.8414621466478241,0.4907788003915397,0.0
0.0,0.7282411748504111,0.5935900764898812,0.0
0.0,0.0,0.038975778546712796,4.263894393358186
0.0,0.0,0.0,4.670275701109795
4.79670172011387,0.0,0.0,0.0
0.0,0.0,0.038975778546712796,4.603534995446916
0.0,0.0,0.038975778546712796,4.671341778717605
0.0,0.0,0.0,4.839320055968307
4.959834136830508,0.0,0.0,0.0
4.586049239727407,0.0,0.0,0.0
0.0,0.4403857383515395,0.7707249011945593,0.0
4.295088515347435,0.0,0.0,0.0
0.0,0.0,0.0,4.390663112606127
5.44593008779401,0.0,0.0,0.0
0.0,0.0,0.038975778546712796,4.283609096082356
5.3725828538123706,0.0,0.0,0.0
0.0,0.6583802050616969,0.5441048155546575,0.0
5.179245368472212,0.0,0.0,0.0
4.8819143668008556,0.0,0.0,0.0
5.28009835188765,0.0,0.0,0.0
0.0,0.0,0.0,5.16162151343427
0.0,0.0,0.0,4.884891444684059
0.0,0.6653734559909182,0.577655507301227,0.0
0.0,0.8520667902791246,0.36971564262451573,0.0
0.0,0.6294364078976299,0.6209696740247022,0.0
0.0,0.0,0.0,4.738924161377497
0.0,0.7944742737434637,0.48162289646742723,0.0
0.0,0.0,0.0,4.747868682008437
4.955972436257294,0.0,0.0,0.0
0.0,0.7359953282772669,0.6081567162347188,0.0
0.0,0.5537972197855004,0.5501088858049847,0.0
5.318206420195395,0.0,0.0,0.0
5.003056464242587,0.0,0.0,0.0
0.0,1.0101049976818621,0.3389463287639478,0.0
0.0,0.6276850211053007,0.5794579441116459,0.0
0.0,0.933144697947609,0.35425848833489,0.0
5.457510435110275,0.0,0.0,0.0
0.0,0.48915987591607274,0.63554642875482,0.0
0.0,0.5014593636254576,0.4423630352264259,0.0
0.0,0.40873797884712676,0.6764959436639376,0.0
4.480062250672275,0.0,0.0,0.0
0.0,0.589424405702342,0.4119111424069816,0.0
4.952812073186435,0.0,0.0,0.0
0.0,0.0,0.038975778546712796,4.383889791044382
0.0,0.0,0.0,5.037380045600813
0.0,0.6425144491341974,0.5957883490394825,0.0
0.0,0.0,0.0,4.778467276594258
4.949601645697859,0.0,0.0,0.0
0.0,0.0,0.0,5.05016576915203
0.0,0.7035718259073467,0.5426628963790422,0.0
0.0,0.0,0.0,5.059676562222358
0.0,0.0,0.0,4.799201938224788
0.0,0.40209227102264755,0.5526790103894812,0.0
0.0,0.5773383075191824,0.6888862263252687,0.0
5.458688016032476,0.0,0.0,0.0
0.0,0.0,0.0,5.020301917881774
0.0,0.0,0.0,5.178593671666026
0.0,0.5771378241398125,0.6356850241797544,0.0
5.001423330458384,0.0,0.0,0.0
4.9117320796872255,0.0,0.0,0.0
0.0,0.0,0.038975778546712796,4.487063613377404
0.0,0.7828474118415986,0.646314680657856,0.0
4.083577778988025,0.0,0.0,0.0
0.0,0.0,0.0,4.873761141213436
0.0,0.0,0.0,4.922795772824631
0.0,0.0,0.0,5.0825734791874355
0.0,0.0,0.0,4.260959427225606
5.05278448123093,0.0,0.0,0.0
4.377393505492261,0.0,0.0,0.0
5.234391426712066,0.0,0.0,0.0
0.0,0.7815033034788217,0.33795223443646133,0.0
4.791609411906375,0.0,0.0,0.0
0.0,0.0,0.0,4.617075603871302
4.8049345783569075,0.0,0.0,0.0
0.0,0.7234424386808062,0.5116200616806157,0.0
0.0,0.0,0.0,4.3031050334281
0.0,0.7687861186632627,0.4254548763866969,0.0
5.099695059982483,0.0,0.0,0.0
0.0,0.0,0.0,4.731840975488361
0.0,0.0,0.038975778546712796,4.678671355622202
4.7669656835672765,0.0,0.0,0.0
0.0,0.5670470670223411,0.6126583457621239,0.0
0.0,0.0,0.0,4.802785807608769
0.0,0.6609946082489013,0.7118090421906316,0.0
0.0,0.0,0.0,5.0338884655707865
0.0,0.0,0.0,5.122500484245622
0.0,1.044943532378646,0.25071521917218953,0.0
0.0,0.8864244100030623,0.46016951071606566,0.0
0.0,0.8445858775106637,0.42630948488150416,0.0
5.241670689629786,0.0,0.0,0.0
0.0,0.0,0.0,4.823801835732794
0.0,0.0,0.0,5.169665247490597
0.0,0.0,0.0,4.676346564828161
0.0,0.0,0.038975778546712796,4.511213015389006
0.0,0.0,0.038975778546712796,4.538289575209371
0.0,0.0,0.038975778546712796,4.428328682189424
0.0,0.0,0.0,5.178068740659117
0.0,0.6633125829368806,0.6727492663955398,0.0
0.0,1.0667753067580246,0.12686039043137293,0.0
0.0,0.0,0.0,4.806614618531794
0.0,0.45140578578631235,0.5390007962534832,0.0
0.0,0.0,0.0,4.636313711033893
4.465344898990975,0.0,0.0,0.0
4.74517451377501,0.0,0.0,0.0
0.0,0.0,0.0,4.626327741211221
4.919205765349989,0.0,0.0,0.0
5.1574107402228435,0.0,0.0,0.0
0.0,0.0,0.038975778546712796,4.875602158150387
0.0,0.0,0.038975778546712796,4.6742188399862155
0.0,0.8125606759960468,0.4810518466215048,0.0
5.3785027156247,0.0,0.0,0.0
0.0,0.7658436541234084,0.4656718236362266,0.0
0.0,0.4907034506539447,0.6706225420629492,0.0
0.0,0.0,0.0,4.661537125394965
0.0,0.8056780423887315,0.3961590403633888,0.0
4.666948416065977,0.0,0.0,0.0
0.0,0.0,0.038975778546712796,4.621753828086482
0.0,0.6020182649799165,0.7488100814448595,0.0
0.0,0.5903028431136378,0.4076251844037476,0.0
0.0,0.0,0.0,4.953982450474529
5.0447154861089345,0.0,0.0,0.0
0.0,0.6081889305799494,0.5636148598065278,0.0
0.0,0.0,0.038975778546712796,4.318267937713208
0.0,0.2483791301095282,0.8858131897983098,0.0
0.0,0.0,0.0,4.877851434100594
0.0,0.7787601265156209,0.3981762136036118,0.0
5.15944862018557,0.0,0.0,0.0
0.0,0.0,0.0,4.492757232305917
0.0,0.0,0.038975778546712796,4.665403184347031
0.0,0.839281745158708,0.5237548396317531,0.0
4.995751595478423,0.0,0.0,0.0
5.056787799576877,0.0,0.0,0.0
5.047612904213941,0.0,0.0,0.0
4.757612774654243,0.0,0.0,0.0
0.0,0.618898389843805,0.43971240268048783,0.0
0.0,0.0,0.0,5.412220336123469
0.0,0.0,0.038975778546712796,4.717904567707182
5.050625974738819,0.0,0.0,0.0
0.0,0.7567394069262355,0.6049289702762192,0.0
0.0,0.763461774787132,0.4370993254898007,0.0
4.82261306442795,0.0,0.0,0.0
0.0,0.0,0.038975778546712796,4.154312105074832
0.0,0.5652132201446506,0.519299678703939,0.0
0.0,0.0,0.038975778546712796,4.468929702677156
4.974998600477754,0.0,0.0,0.0
0.0,0.0,0.0,4.447266796109057
0.0,0.6432441930593372,0.43012792365136926,0.0
0.0,0.7295872711556046,0.4565368223988333,0.0
0.0,0.0,0.0,4.958060123708013
0.0,0.0,0.038975778546712796,4.832033018113412
0.0,0.6550813188853954,0.5112081161713914,0.0
4.753492298403075,0.0,0.0,0.0
0.0,0.0,0.0,5.214118342394127
0.0,0.6983196894619054,0.5736443396048516,0.0
0.0,0.4706640951130938,0.7891176101043962,0.0
4.660262842480365,0.0,0.0,0.0
0.0,0.0,0.0,5.015500937611328
0.0,0.0,0.0,4.7461926340602725
5.390260799889074,0.0,0.0,0.0
0.0,0.5946697093777051,0.6322126509914955,0.0
0.0,0.558748221168547,0.5723984759566618,0.0
4.7800952311344584,0.0,0.0,0.0
0.0,0.0,0.0,4.928922299361206
0.0,0.0,0.0,5.11471804037355
4.810166099864529,0.0,0.0,0.0
4.659650166425025,0.0,0.0,0.0
0.0,0.5853490317569131,0.57479276171517,0.0
5.397935109874413,0.0,0.0,0.0
0.0,1.0226538384771413,0.20475858667270747,0.0
0.0,0.0,0.038975778546712796,4.932029268480616
0.0,0.6830300917497605,0.5220750986534416,0.0
0.0,0.0,0.038975778546712796,4.494262619475104
0.0,0.921057018003326,0.2614490896697883,0.0
5.330752294136108,0.0,0.0,0.0
5.4345865434949205,0.0,0.0,0.0
0.0,0.0,0.0,5.106046092190926
0.0,0.40036586716048556,0.6582887333496257,0.0
5.094902748528494,0.0,0.0,0.0
4.102333798902219,0.0,0.0,0.0
4.872943784566713,0.0,0.0,0.0
0.0,0.943652103249345,0.16780210296712314,0.0
4.278851017704348,0.0,0.0,0.0
0.0,0.6950463430244747,0.5330483786256647,0.0
0.0,0.7760091103156372,0.3495861959007768,0.0
0.0,0.0,0.0,4.393492691226574
0.0,0.665232620633011,0.5282908886824584,0.0
5.123838461992185,0.0,0.0,0.0
0.0,0.0,0.0,5.121475495607181
0.0,0.9385783782191424,0.3290904410265836,0.0
0.0,0.0,0.0,4.800102584337056
0.0,0.421830202031453,0.6485579701752627,0.0
0.0,0.0,0.038975778546712796,5.078190611399754
0.0,0.0,0.0,4.979265439539893
0.0,0.0,0.038975778546712796,4.984777486161602
0.0,0.0,0.038975778546712796,4.567228606278579
0.0,0.7838937066085332,0.5044797661054627,0.0
0.0,0.2918571852452899,0.6933415297556599,0.0
0.0,0.0,0.0,5.136644138834431
4.874970141113951,0.0,0.0,0.0
5.447061008234682,0.0,0.0,0.0
0.0,0.6092986826546459,0.5541337543564465,0.0
5.214339405519145,0.0,0.0,0.0
0.0,0.0,0.038975778546712796,4.903729297806024
5.296786629378634,0.0,0.0,0.0
5.395577028271117,0.0,0.0,0.0
0.0,0.5080654722576345,0.6800409627599511,0.0
0.0,0.5279395653377948,0.5822955322647564,0.0
0.0,0.6044735730810927,0.6399966964242899,0.0
0.0,0.6167363830213002,0.47669204375031016,0.0
0.0,0.0,0.0,4.47452844515611
5.2397504276094615,0.0,0.0,0.0
0.0,0.7071865092009378,0.5960786295631465,0.0
0.0,0.0,0.0,5.32046127390429
0.0,0.0,0.038975778546712796,4.7253432855154776
0.0,0.0,0.0,5.027428522248268
4.380864013684968,0.0,0.0,0.0
0.0,0.0,0.0,5.081572122519745
0.0,0.561391153385577,0.5996827987625434,0.0
0.0,0.0,0.0,5.033154401163672
0.0,0.6821838054653068,0.47106530806075103,0.0
4.601478789626238,0.0,0.0,0.0
0.0,0.0,0.038975778546712796,4.430781481054615
0.0,0.0,0.0,4.495367904180301
4.520982835731153,0.0,0.0,0.0
4.8908080620585075,0.0,0.0,0.0
0.0,0.45577582433172315,0.5256224631196402,0.0
5.095347261481012,0.0,0.0,0.0
0.0,0.8880045499780852,0.4298203801202166,0.0
5.06159071547687,0.0,0.0,0.0
0.0,0.0,0.0,4.783225451108075
0.0,0.0,0.038975778546712796,4.237750154627347
5.094215318235427,0.0,0.0,0.0
4.999974608020766,0.0,0.0,0.0
0.0,0.0,0.0,5.401186917548447
5.181378248844228,0.0,0.0,0.0
0.0,0.0,0.0,4.640069601512264
0.0,0.7646102029772459,0.5729408707701125,0.0
4.4271780878864115,0.0,0.0,0.0
0.0,0.0,0.0,5.099135770067671
0.0,0.0,0.0,5.274827773037793
0.0,0.6197994287535301,0.6437013808974318,0.0
4.962900529953978,0.0,0.0,0.0
4.403770258976819,0.0,0.0,0.0
5.176969228047557,0.0,0.0,0.0
0.0,0.0,0.0,4.8031206019836805
0.0,0.0,0.0,5.1244901556603795
0.0,0.7381880774296112,0.45035966406528444,0.0
0.0,0.5299808501150711,0.5840681755090262,0.0
0.0,0.5829136657810293,0.5009638881767348,0.0
4.362474768507858,0.0,0.0,0.0
4.623052446828797,0.0,0.0,0.0
4.998371313111457,0.0,0.0,0.0
0.0,0.0,0.0,5.001239177585478
0.0,0.0,0.038975778546712796,4.632102597685533
5.517584892784671,0.0,0.0,0.0
0.0,1.0009394096650426,0.38214172747314984,0.0
0.0,0.0,0.0,4.289270920679627
0.0,0.0,0.038975778546712796,5.042540012760652
4.736883210916378,0.0,0.0,0.0
0.0,0.6385235794362489,0.5438330002539064,0.0
5.054591258414308,0.0,0.0,0.0
0.0,0.0,0.0,4.352111533144915
0.0,0.0,0.0,4.398109963010516
5.102794609663246,0.0,0.0,0.0
4.380502143068964,0.0,0.0,0.0
0.0,0.5654004854534412,0.507236400177633,0.0
4.9482237212309075,0.0,0.0,0.0
0.0,0.5819386627762183,0.46337500800220893,0.0
4.646611953035332,0.0,0.0,0.0
5.360627267393743,0.0,0.0,0.0
0.0,0.405680572154145,0.7047598371483237,0.0
5.0716524840063775,0.0,0.0,0.0
0.0,0.0,0.0,4.272909598762118
0.0,0.6826158342420838,0.6036389574982813,0.0
0.0,0.7072706446926738,0.4349791973108043,0.0
0.0,0.0,0.0,4.209311441995877
5.014640444630155,0.0,0.0,0.0
0.0,0.0,0.0,4.886216886175401
0.0,0.0,0.0,4.764355639334957
0.0,0.7021018381761319,0.5452761031832665,0.0
4.956219198712302,0.0,0.0,0.0
4.765469377481355,0.0,0.0,0.0
4.6173351616595575,0.0,0.0,0.0
5.339949666213879,0.0,0.0,0.0
0.0,0.643942055203828,0.3802484375729223,0.0
0.0,0.8225999721326827,0.57379707544736,0.0
0.0,0.6649595818597203,0.6529771568152141,0.0
0.0,0.6682496381886988,0.6198517623559406,0.0
0.0,1.1073924145673464,0.2040000507857397,0.0
0.0,0.5843135706175547,0.5840271974927208,0.0
0.0,0.4375072760960124,0.8164926160202387,0.0
4.309467394066853,0.0,0.0,0.0
4.707610621702413,0.0,0.0,0.0
0.0,0.0,0.038975778546712796,4.38250274601405
5.042220992419234,0.0,0.0,0.0
0.0,0.49621540819097604,0.36541562634159075,0.0
0.0,0.7674287089111423,0.4910685023090427,0.0
4.966154128197903,0.0,0.0,0.0
0.0,0.4362683657356772,0.5089604193119536,0.0
0.0,0.5955209235129889,0.5926222187660282,0.0
5.151317401158092,0.0,0.0,0.0
0.0,0.6013307714414657,0.5581087545532875,0.0
0.0,0.0,0.038975778546712796,4.219187842565577
0.0,0.0,0.0,4.851337649920775
0.0,0.7190864368774774,0.38129100135206334,0.0
0.0,0.0,0.0,4.566890416976538
0.0,0.968881534253012,0.448785972354095,0.0
0.0,1.0710307162020065,0.2614490896697883,0.0
0.0,0.6957530704198225,0.5175976472009997,0.0
0.0,0.8335487227352473,0.2966283637613788,0.0
0.0,0.0,0.038975778546712796,4.613526907339493
4.908944037177593,0.0,0.0,0.0
4.90018920651114,0.0,0.0,0.0
0.0,0.0,0.038975778546712796,4.307809325222244
0.0,0.8088467521208171,0.5819519862031379,0.0
0.0,0.7836054233060641,0.5405132391864428,0.0
0.0,0.6814531348098423,0.6384674628901491,0.0
0.0,0.0,0.0,4.870045507463222
5.055437207713066,0.0,0.0,0.0
0.0,0.7139804055981058,0.4846900752203582,0.0
5.199483222198358,0.0,0.0,0.0
4.6695320151067685,0.0,0.0,0.0
4.493882213431703,0.0,0.0,0.0
0.0,0.4129737013444807,0.6920960126557874,0.0
5.333682079496141,0.0,0.0,0.0
5.346630811757064,0.0,0.0,0.0
4.448591830094573,0.0,0.0,0.0
4.712926319329673,0.0,0.0,0.0
0.0,0.7724653136751047,0.33891492948195373,0.0
0.0,0.7393900880095894,0.47669204375031016,0.0
5.039175843725591,0.0,0.0,0.0
0.0,0.8234778815055688,0.4080196830251935,0.0
4.93238583186722,0.0,0.0,0.0
5.281632916057222,0.0,0.0,0.0
0.0,0.0,0.0,5.014060658104125
0.0,0.0,0.0,4.482077507456247
0.0,0.704314113118353,0.4994923340091336,0.0
0.0,0.6277883962472454,0.5516133513832564,0.0
4.814081053650631,0.0,0.0,0.0
0.0,0.6912249934612199,0.4585364734510309,0.0
0.0,0.31098451585240383,0.7688909254499011,0.0
0.0,0.753778276521099,0.44964092511566073,0.0
0.0,0.6324078761008465,0.6518096394340025,0.0
5.1488448022896325,0.0,0.0,0.0
0.0,0.551888966262193,0.631326946997426,0.0
4.859684877223649,0.0,0.0,0.0
0.0,0.5511468736019753,0.6311307853864647,0.0
0.0,0.7310545322762383,0.5246041794678269,0.0
0.0,0.6334056384868795,0.7096420107468088,0.0
0.0,0.41780864123572226,0.8138604435586582,0.0
4.683524134415041,0.0,0.0,0.0
5.31867438702446,0.0,0.0,0.0
0.0,0.8709564718822063,0.4557911499038474,0.0
0.0,0.0,0.0,4.766225827611295
0.0,1.0309678065060324,0.18324022292723743,0.0
0.0,0.8176402766464183,0.4109751686195894,0.0
5.22911833528835,0.0,0.0,0.0
0.0,0.680723095317892,0.42294384353037523,0.0
4.457822040144558,0.0,0.0,0.0
5.402470562221388,0.0,0.0,0.0
0.0,0.0,0.0,5.055147300369781
0.0,0.9593331612657924,0.37604857605170605,0.0
4.765782562430055,0.0,0.0,0.0
4.863456568721812,0.0,0.0,0.0
0.0,0.6347703727395785,0.49134777476679287,0.0
0.0,0.0,0.038975778546712796,4.470022088051964
0.0,0.0,0.0,4.4968674174197085
0.0,1.0184103661747546,0.36845912094951666,0.0
0.0,0.0,0.0,4.98516511024802
0.0,0.0,0.038975778546712796,4.9424162478831555
0.0,0.8936116521715936,0.13111549754347204,0.0
0.0,0.0,0.038975778546712796,4.464717490665294
0.0,0.0,0.038975778546712796,4.257953299112325
5.282681090088657,0.0,0.0,0.0
0.0,0.39038284420827196,0.7008088335421901,0.0
0.0,0.7926447336221952,0.4509227810185628,0.0
0.0,0.5037507821223199,0.5813100771695328,0.0
0.0,0.0,0.0,4.538023394345631
0.0,0.0,0.0,4.5850627257243595
0.0,0.4727263347492075,0.7002338046666068,0.0
0.0,0.8478191806807545,0.47706633928007575,0.0
0.0,0.6310978898333558,0.6261871152721014,0.0
0.0,0.7273435156325609,0.4729502399853548,0.0
0.0,0.8004190977082286,0.5605095476717168,0.0
0.0,0.41437240837275896,0.5813634271750461,0.0
4.953673188311323,0.0,0.0,0.0
0.0,0.8950231110141994,0.4496897600097755,0.0
0.0,0.0,0.0,5.027580366464654
0.0,0.6929121097347651,0.5235842750579385,0.0
0.0,0.8218036670563384,0.3068330809580581,0.0
5.138254242077418,0.0,0.0,0.0
4.82485704892988,0.0,0.0,0.0
0.0,0.7239963405891593,0.37685958188476165,0.0
0.0,0.6150083491521796,0.5518112992818449,0.0
4.8670136486756235,0.0,0.0,0.0
0.0,0.700592080966801,0.44798589368355785,0.0
5.247776197071963,0.0,0.0,0.0
0.0,0.0,0.038975778546712796,4.1577290299608185
0.0,0.6101209371833695,0.6077105602433518,0.0
0.0,0.4635694611359012,0.5424588478888198,0.0
0.0,0.8685325716634201,0.521907707131293,0.0
0.0,0.6993408084788123,0.5531449102682855,0.0
0.0,0.5654089251667154,0.6292973681975561,0.0
0.0,0.8245553056051398,0.5170327128025849,0.0
4.983227445713691,0.0,0.0,0.0
0.0,0.7262211738929779,0.5436871561790021,0.0
0.0,0.883042542271311,0.4156094556616544,0.0
0.0,0.0,0.038975778546712796,4.394939044774895
0.0,0.7766171141439069,0.5376617460531886,0.0
0.0,0.7076698782995823,0.5163714963920388,0.0
0.0,0.0,0.0,5.26713386287285
0.0,0.7456039026626179,0.36055629408239,0.0
0.0,0.9026945942815395,0.28749999603103527,0.0
0.0,0.0,0.0,4.348441104769984
5.100222790898956,0.0,0.0,0.0
0.0,0.5032325113696619,0.764579431960205,0.0
4.959971598045199,0.0,0.0,0.0
0.0,0.7318526456447186,0.5033757980268604,0.0
0.0,0.0,0.0,4.750923570862796
0.0,0.5185989938090427,0.5813189458928859,0.0
0.0,0.4587767209619256,0.4978606069805392,0.0
0.0,0.7083908037684328,0.3466215858544833,0.0
5.065933094147291,0.0,0.0,0.0
5.319938291177116,0.0,0.0,0.0
0.0,0.0,0.038975778546712796,4.654906067831308
0.0,0.4218176480502385,0.6513881058526202,0.0
0.0,0.7719872219205194,0.5299064274318864,0.0
4.811734427250614,0.0,0.0,0.0
0.0,0.0,0.038975778546712796,4.888170943849667
0.0,1.006780914288006,0.26154700057289737,0.0
0.0,0.0,0.038975778546712796,5.0736798490625805
0.0,0.9260391218568763,0.3251024323909209,0.0
0.0,0.0,0.038975778546712796,4.648384498860007
0.0,0.37228867720424674,0.772132687038797,0.0
0.0,0.744664681945739,0.6355198370096563,0.0
5.339265564067082,0.0,0.0,0.0
0.0,0.0,0.0,5.094799680502974
0.0,0.0,0.0,4.929497448297751
4.117090068227407,0.0,0.0,0.0
5.265490537631532,0.0,0.0,0.0
4.6676390327147095,0.0,0.0,0.0
0.0,0.0,0.0,5.0259829607384825
0.0,0.6497550671435409,0.651473653377504,0.0
0.0,0.0,0.0,4.14434450053181
5.530493395891501,0.0,0.0,0.0
0.0,0.0,0.038975778546712796,4.945458971844396
0.0,0.0,0.038975778546712796,4.644011417553256
4.871267427060249,0.0,0.0,0.0
0.0,0.0,0.038975778546712796,4.735970575242675
0.0,0.9400641349751757,0.4446208683882916,0.0
4.726474078023448,0.0,0.0,0.0
0.0,0.6815601043059719,0.29121709103571036,0.0
0.0,0.5454962863136199,0.6566237302858099,0.0
0.0,0.5597382043630812,0.477073447211941,0.0
0.0,0.8361888012746452,0.34701725214062057,0.0
0.0,0.6720670515544735,0.4862244466336408,0.0
0.0,0.0,0.038975778546712796,4.589538399163095
5.1742103145927985,0.0,0.0,0.0
0.0,0.9177978438564224,0.20324519314519202,0.0
0.0,0.6725385331213701,0.48685902285655913,0.0
0.0,0.7614746597191433,0.4037807430502791,0.0
0.0,0.9163488648737255,0.3441740653019654,0.0
0.0,0.9235554806937428,0.33673475634082345,0.0
0.0,0.0,0.0,4.67538692556659
5.0830465146006185,0.0,0.0,0.0
0.0,0.6366769801541012,0.5680290963159418,0.0
4.992412856447362,0.0,0.0,0.0
0.0,0.0,0.038975778546712796,4.721849317603901
5.040195328998097,0.0,0.0,0.0
0.0,0.0,0.038975778546712796,4.690672938979953
0.0,0.6735091442166079,0.4951074264948453,0.0
0.0,0.0,0.038975778546712796,4.49651019099406
0.0,0.7729748216363139,0.3914858634851793,0.0
0.0,0.8119593596943976,0.44070095348530564,0.0
0.0,0.0,0.0,5.193556605437396
0.0,0.44617640188659785,0.6308107862089348,0.0
4.968896278298596,0.0,0.0,0.0
0.0,0.0,0.038975778546712796,4.656121711642621
0.0,0.5213305987546559,0.6260439574619234,0.0
0.0,0.869904998468786,0.36870360013135783,0.0
0.0,0.0,0.038975778546712796,4.85679957484539
4.533854727387945,0.0,0.0,0.0
4.608453424668809,0.0,0.0,0.0
0.0,0.0,0.038975778546712796,4.740567123022982
0.0,0.732898979316974,0.5823152196988433,0.0
4.600361013990868,0.0,0.0,0.0
0.0,0.7451817970022447,0.5015653216474547,0.0
5.483336439872807,0.0,0.0,0.0
5.063413333013561,0.0,0.0,0.0
0.0,0.9567238271912633,0.254061069743381,0.0
0.0,0.0,0.0,4.842548588513552
0.0,0.0,0.038975778546712796,4.708919300870016
5.185985001982986,0.0,0.0,0.0
5.381282392002405,0.0,0.0,0.0
5.113232911561336,0.0,0.0,0.0
0.0,0.7451506093832299,0.6735924818509478,0.0
0.0,0.0,0.0,4.614400274397276
5.040682840514384,0.0,0.0,0.0
0.0,0.45672668712290715,0.5969286527711292,0.0
0.0,0.620889258955891,0.4972916364940249,0.0
0.0,0.8358717658153297,0.5427694539965144,0.0
0.0,0.40636319398634135,0.6673652470336078,0.0
4.412371505195062,0.0,0.0,0.0
0.0,0.89188816692685,0.5413664305263304,0.0
4.582353956218192,0.0,0.0,0.0
4.935148163685855,0.0,0.0,0.0
0.0,0.6223907824292414,0.5759812374603096,0.0
0.0,0.9679825125718983,0.3747247844806371,0.0
0.0,0.0,0.0,4.317214647067387
0.0,0.0,0.038975778546712796,4.913961214566268
4.91567138456931,0.0,0.0,0.0
4.41508580633783,0.0,0.0,0.0
0.0,0.0,0.0,4.882975662630419
0.0,0.0,0.0,4.856737557283688
0.0,0.9713778703935447,0.17705849001861312,0.0
0.0,0.0,0.0,4.513572266232657
0.0,0.728645619331018,0.3921603797753863,0.0
5.172616070484629,0.0,0.0,0.0
0.0,0.0,0.0,5.2067808068661865
0.0,0.0,0.0,4.498787622486679
4.79560761710206,0.0,0.0,0.0
0.0,0.5776007056483187,0.6727808873567456,0.0
0.0,0.0,0.038975778546712796,4.874407015814041
4.6308557706764,0.0,0.0,0.0
5.098286693806658,0.0,0.0,0.0
0.0,0.596191978914321,0.7728029229304714,0.0
0.0,0.0,0.0,5.115044908448379
4.769012105753083,0.0,0.0,0.0
0.0,0.7894281701414199,0.6134323164178531,0.0
5.128940051316579,0.0,0.0,0.0
0.0,0.7922953772900749,0.5671354587224756,0.0
0.0,0.6161727426838556,0.6025278568474517,0.0
0.0,0.0,0.0,5.221640310333261
0.0,0.0,0.038975778546712796,4.4209009984991035
5.459351137434748,0.0,0.0,0.0
5.299545663595176,0.0,0.0,0.0
0.0,0.0,0.0,4.687164161899365
4.570477429467079,0.0,0.0,0.0
0.0,0.0,0.0,4.898645568756532
0.0,1.0293518611606736,0.4456990719242604,0.0
0.0,0.788725813492181,0.4939312478950996,0.0
0.0,0.3330203738711699,0.8378886162840995,0.0
0.0,0.0,0.0,4.866584272280499
4.973026438534343,0.0,0.0,0.0
0.0,0.0,0.038975778546712796,4.956114760484486
4.818130332780152,0.0,0.0,0.0
0.0,0.48171583688809616,0.6273748224720875,0.0
4.902648495633768,0.0,0.0,0.0
0.0,0.0,0.0,4.926695110470713
5.432411032714177,0.0,0.0,0.0
0.0,0.2846958321757449,0.7446391366491744,0.0
5.048971157989251,0.0,0.0,0.0
0.0,0.7169807247315794,0.40003200266265126,0.0
0.0,0.6883194447546586,0.6538390098877824,0.0
0.0,0.0,0.0,5.104654954587761
0.0,0.4800635016887626,0.7294930664383442,0.0
5.330676749475584,0.0,0.0,0.0
0.0,0.0,0.038975778546712796,4.857694823514021
4.5203579955111435,0.0,0.0,0.0
4.911017022473655,0.0,0.0,0.0
0.0,0.0,0.038975778546712796,4.895450680526681
0.0,0.0,0.0,4.9767211491011425
0.0,0.981801304168695,0.39615053631728786,0.0
5.120603920088064,0.0,0.0,0.0
0.0,0.8919288843975148,0.25837304219350415,0.0
0.0,0.0,0.0,5.342715375784801
0.0,0.744051015769898,0.5433029302847607,0.0
0.0,0.0,0.0,5.217153106399559
0.0,0.9451895440967373,0.5122506012008746,0.0
4.820293232008423,0.0,0.0,0.0
0.0,0.0,0.038975778546712796,4.811905116518133
4.984298534973751,0.0,0.0,0.0
5.13787409882063,0.0,0.0,0.0
0.0,0.0,0.0,4.742002227578486
0.0,0.0,0.0,4.721983846711995
0.0,0.0,0.0,5.016976887126466
0.0,0.0,0.0,4.771976906885314
0.0,0.7048175229946984,0.6477035340747028,0.0
0.0,0.0,0.0,5.080604893494962
0.0,0.5327035222943555,0.48545972713112095,0.0
0.0,0.6414403504883819,0.5006373086290177,0.0
0.0,0.8562878715793141,0.4585687338472156,0.0
4.818469983197643,0.0,0.0,0.0
0.0,0.766984479461542,0.409721063659422,0.0
0.0,0.0,0.038975778546712796,4.236262050260174
0.0,1.0313428487179956,0.36616752246389955,0.0
4.546131646790092,0.0,0.0,0.0
0.0,0.6935134084630059,0.43733450971748034,0.0
5.117799256733128,0.0,0.0,0.0
0.0,0.8197882738345028,0.45482600922677835,0.0
4.893820951387497,0.0,0.0,0.0
0.0,0.47003276501785707,0.634127665790698,0.0
0.0,0.0,0.038975778546712796,4.881373588682176
0.0,0.6748427139371751,0.5959989262834545,0.0
0.0,0.5143751770185474,0.5292423488836128,0.0
0.0,0.0,0.0,4.171815951858176
0.0,0.0,0.0,5.050452791428231
0.0,0.4617450940334078,0.5413358085225137,0.0
0.0,0.5664645290568034,0.49582584532119656,0.0
0.0,0.6202750027722089,0.5967583608832606,0.0
0.0,1.047302123953646,0.3406078476100379,0.0
0.0,0.47244744753040036,0.7010410689655608,0.0
0.0,0.0,0.038975778546712796,4.850150947913744
0.0,0.0,0.0,4.932039704313978
0.0,0.6407458252408795,0.49706696825264624,0.0
5.439439793919758,0.0,0.0,0.0
0.0,0.0,0.0,5.308057875989476
0.0,0.0,0.0,5.1050402740925716
4.291914838241544,0.0,0.0,0.0
0.0,0.0,0.038975778546712796,4.024090129433641
0.0,0.701953806337958,0.4655914029251227,0.0
0.0,0.5395037560436409,0.6541401281463266,0.0
0.0,0.7556033690575846,0.4373400623071898,0.0
4.6273840940548085,0.0,0.0,0.0
0.0,0.9277743521299261,0.47528963913504635,0.0
0.0,0.6967581761900647,0.41379566485956926,0.0
4.905064464850596,0.0,0.0,0.0
5.40578649199443,0.0,0.0,0.0
4.9529323404557974,0.0,0.0,0.0
5.267567070988148,0.0,0.0,0.0
5.17179884365594,0.0,0.0,0.0
0.0,0.7666416501329207,0.5520501965580883,0.0
0.0,0.4785713836274459,0.6432725158395518,0.0
4.478794025649998,0.0,0.0,0.0
0.0,0.0,0.038975778546712796,4.5832552058774425
4.825199950592356,0.0,0.0,0.0
0.0,0.7620350296628189,0.4790788463683412,0.0
5.309486819586268,0.0,0.0,0.0
0.0,0.6377140588804779,0.563278668966145,0.0
0.0,0.0,0.038975778546712796,4.851668134430694
5.112258012540766,0.0,0.0,0.0
0.0,0.0,0.0,4.930410451255452
0.0,0.6593211052982462,0.5420596280271315,0.0
5.024970105064595,0.0,0.0,0.0
0.0,0.0,0.0,4.759689704832731
5.438515446527932,0.0,0.0,0.0
0.0,0.6406376083499961,0.30296614004479244,0.0
0.0,0.44631454147419564,0.7818871489059752,0.0
0.0,0.0,0.0,4.584529533829994
5.084546192826946,0.0,0.0,0.0
4.763713295917705,0.0,0.0,0.0
0.0,0.36772207867279355,0.8129129634348643,0.0
4.563417930622784,0.0,0.0,0.0
0.0,0.0,0.038975778546712796,4.780418898514822
0.0,0.6777503741664554,0.6717604459797974,0.0
0.0,0.0,0.0,5.003299656311722
4.806414148028363,0.0,0.0,0.0
0.0,0.48911581922550423,0.705807947869785,0.0
0.0,0.5963025405909843,0.35482256611348006,0.0
4.554678574171881,0.0,0.0,0.0
4.654014373560749,0.0,0.0,0.0
5.379962157289863,0.0,0.0,0.0
4.844330321980385,0.0,0.0,0.0
0.0,0.0,0.038975778546712796,4.9335710498411816
4.661755928859029,0.0,0.0,0.0
5.515295671813341,0.0,0.0,0.0
0.0,0.5936436802153872,0.7007082431892286,0.0
0.0,0.0,0.0,5.267191130598548
5.131202764370091,0.0,0.0,0.0
0.0,0.0,0.038975778546712796,4.421786674000417
0.0,0.8372188361476341,0.6460843944326068,0.0
4.642645271439763,0.0,0.0,0.0
0.0,0.8820005616577986,0.35008312952271486,0.0
4.230219463488054,0.0,0.0,0.0
0.0,0.769681762434564,0.4239648735684701,0.0
5.126967682845779,0.0,0.0,0.0
4.941247063041485,0.0,0.0,0.0
0.0,1.0257601834914276,0.29273864722040205,0.0
0.0,0.7255170828073709,0.4990473795631766,0.0
4.829160543385283,0.0,0.0,0.0
0.0,0.5914711614290943,0.6075828679940249,0.0
0.0,0.4276573905518144,0.6718479527676788,0.0
0.0,0.6863995404722755,0.5919725784961516,0.0
4.581258940591582,0.0,0.0,0.0
4.644893780119067,0.0,0.0,0.0
0.0,0.0,0.038975778546712796,4.602113015709692
5.03652748246773,0.0,0.0,0.0
4.565099787695389,0.0,0.0,0.0
0.0,0.0,0.038975778546712796,4.721263327984609
0.0,0.7159423839596392,0.4625176743341191,0.0
0.0,0.0,0.0,4.705082458350784
5.143164317979934,0.0,0.0,0.0
4.3881253693645,0.0,0.0,0.0
0.0,0.6092773561794042,0.39211562466369326,0.0
0.0,0.6046533805679866,0.45688190844304005,0.0
0.0,0.6113821688307989,0.5854679034265033,0.0
0.0,0.5637105539876974,0.4581236413161196,0.0
4.964602672326251,0.0,0.0,0.0
0.0,0.0,0.0,5.191696953353613
5.306990887036358,0.0,0.0,0.0
0.0,0.0,0.038975778546712796,5.073713180359165
5.094015153927886,0.0,0.0,0.0
0.0,0.520004218384539,0.5720512798245041,0.0
4.785018568433679,0.0,0.0,0.0
4.811160143150232,0.0,0.0,0.0
5.018014369541741,0.0,0.0,0.0
5.275350590553868,0.0,0.0,0.0
0.0,0.0,0.0,4.923412973253795
0.0,0.0,0.038975778546712796,4.440040313855026
0.0,0.7261146617669071,0.2260922918506163,0.0
5.384500977219939,0.0,0.0,0.0
0.0,0.5330201696831507,0.5993053902448737,0.0
0.0,0.6267415100649548,0.5593781830145665,0.0
4.908058358731819,0.0,0.0,0.0
4.918255300540442,0.0,0.0,0.0
5.167291235992941,0.0,0.0,0.0
0.0,0.4730311857156427,0.4830933648868473,0.0
5.156762761440418,0.0,0.0,0.0
0.0,0.8060636646029729,0.4941002590508285,0.0
4.376647861451341,0.0,0.0,0.0
0.0,0.8556103054180575,0.2230958918241569,0.0
0.0,1.1226072575491821,0.2650668774243769,0.0
0.0,0.6452407298893426,0.6259493036891908,0.0
3.873220458295952,0.0,0.0,0.0
0.0,0.5043429255287815,0.4174424326706269,0.0
0.0,0.5976737911926127,0.6460933074128475,0.0
0.0,0.0,0.0,4.675718077663508
0.0,0.0,0.0,4.408801214490839
4.9754173695272295,0.0,0.0,0.0
0.0,0.0,0.0,5.091769272239668
0.0,0.6635762190269434,0.5146464947003679,0.0
4.903027436804093,0.0,0.0,0.0
0.0,0.6391524485912321,0.5022644986037764,0.0
0.0,0.7144988838630904,0.5806823620666027,0.0
0.0,0.0,0.0,5.060107729718465
0.0,0.0,0.0,5.28583498038196
5.307736603339602,0.0,0.0,0.0
0.0,0.7217877802941641,0.570555024185098,0.0
4.811236529928924,0.0,0.0,0.0
3.7700458800709136,0.0,0.0,0.0
4.717398898761117,0.0,0.0,0.0
0.0,0.0,0.0,4.140322740547718
0.0,0.8740067985029643,0.5179989905073734,0.0
0.0,0.6239827998053361,0.5285618437106069,0.0
5.379858408772396,0.0,0.0,0.0
0.0,0.0,0.0,5.121645485703389
0.0,0.0,0.0,5.089897649096186
0.0,0.42857704337357,0.679132515709594,0.0
0.0,0.0,0.0,4.990921485997236
0.0,0.6729954696145228,0.5920304399600567,0.0
0.0,0.8483138863553924,0.3509496516768636,0.0
0.0,0.4813796818372118,0.763511255182813,0.0
5.168828873956932,0.0,0.0,0.0
4.90886328327434,0.0,0.0,0.0
0.0,0.6063679650227426,0.5616398755188838,0.0
0.0,0.0,0.0,5.241476696863536
5.049463010200431,0.0,0.0,0.0
0.0,0.9099236438100754,0.30743656342708964,0.0
0.0,0.0,0.0,5.034941286613283
5.147653177800464,0.0,0.0,0.0
5.472422621025571,0.0,0.0,0.0
5.420010803703767,0.0,0.0,0.0
5.448043562829108,0.0,0.0,0.0
5.1238526397521165,0.0,0.0,0.0
0.0,0.0,0.0,4.816816128336925
0.0,0.8208630986434613,0.31504428347297364,0.0
0.0,1.0796875522514362,0.40754467210570977,0.0
0.0,0.5242953362835266,0.5676363393692526,0.0
0.0,0.8156195036446109,0.4672134920038421,0.0
0.0,0.7917330237782314,0.45188153719094704,0.0
0.0,0.3108646768954033,0.7998630489889945,0.0
0.0,0.0,0.0,5.34353459933631
4.960349438500413,0.0,0.0,0.0
0.0,0.9668182557440751,0.38688161162591705,0.0
0.0,0.6965644013466161,0.6064344492603684,0.0
0.0,0.3457817256395106,0.8138457684448009,0.0
0.0,0.6878470058282831,0.48515708019660725,0.0
0.0,0.9355188492000387,0.46923952356804155,0.0
0.0,0.4793746428785186,0.5914444671725946,0.0
0.0,0.0,0.0,4.938968344742966
5.186710238439365,0.0,0.0,0.0
0.0,0.6417125907899569,0.6203460494959386,0.0
0.0,0.5728268656869787,0.6224262902538312,0.0
0.0,0.7790918587655729,0.5429920624204119,0.0
0.0,0.0,0.038975778546712796,4.2598390131757435
0.0,0.0,0.038975778546712796,4.893492124601882
0.0,0.0,0.0,4.543770203068024
0.0,0.0,0.0,4.382254276310108
0.0,0.5737015311233113,0.5883990335527383,0.0
0.0,0.5348895935574919,0.5679659231830565,0.0
4.934353162956556,0.0,0.0,0.0
0.0,0.8189736531902699,0.29165929344434044,0.0
0.0,0.48984402643849156,0.6140448107750527,0.0
0.0,0.5920209204860548,0.6009257746585239,0.0
0.0,0.6953410844889676,0.5926331944957738,0.0
0.0,0.7807042333510648,0.45014442408469524,0.0
4.260321837636601,0.0,0.0,0.0
5.539419708755837,0.0,0.0,0.0
0.0,0.0,0.0,4.949290708330132
0.0,0.0,0.0,4.621900519533654
4.965404248901458,0.0,0.0,0.0
0.0,0.0,0.038975778546712796,4.587566436172081
0.0,0.0,0.038975778546712796,4.607184015936592
0.0,0.7002215068507303,0.33224912223971204,0.0
0.0,0.5132110282406566,0.6029869022384857,0.0
0.0,0.444381999090585,0.582592009106727,0.0
5.288352758712454,0.0,0.0,0.0
0.0,0.5637348057271387,0.6911802006949198,0.0
0.0,0.0,0.038975778546712796,4.633756428905684
0.0,0.0,0.0,4.759680679893675
0.0,0.0,0.038975778546712796,4.899995430275675
0.0,1.0363375194607765,0.1655545931801563,0.0
0.0,0.7439902407040274,0.5391622299675624,0.0
0.0,0.465039543368846,0.4737483185252605,0.0
0.0,0.0,0.0,5.197244226860208
0.0,1.0815168836376567,0.38417681581985347,0.0
4.387918649289474,0.0,0.0,0.0
0.0,0.9719085988598228,0.38446298057711037,0.0
0.0,0.8830949394403192,0.5068697225681552,0.0
0.0,0.4868645982675504,0.6643537073048775,0.0
5.249788166537787,0.0,0.0,0.0
4.218954762004823,0.0,0.0,0.0
4.914157232961379,0.0,0.0,0.0
0.0,0.0,0.038975778546712796,5.150527450289205
0.0,0.9566899870168012,0.38809638024678206,0.0
4.49328461621141,0.0,0.0,0.0
0.0,0.312439583547433,0.8684556521421143,0.0
0.0,0.6708313780332877,0.6175916138311582,0.0
0.0,0.625652527548417,0.4068650386151468,0.0
0.0,0.576778043889532,0.536059036987743,0.0
0.0,1.1291826424593518,0.1655545931801563,0.0
5.3577214386355365,0.0,0.0,0.0
5.3364930401628285,0.0,0.0,0.0
5.176465335643371,0.0,0.0,0.0
0.0,0.6884966134017786,0.4042672060983611,0.0
0.0,0.0,0.038975778546712796,4.560029135987722
4.499617148140201,0.0,0.0,0.0
5.095752082173999,0.0,0.0,0.0
0.0,0.0,0.0,4.883162745456708
0.0,0.0,0.038975778546712796,4.105437478619501
5.554912462644388,0.0,0.0,0.0
0.0,0.0,0.0,5.026911415955275
0.0,0.0,0.038975778546712796,4.719495527715999
4.8067466697589785,0.0,0.0,0.0
0.0,0.41302650821641207,0.5040371838414055,0.0
0.0,0.7815864643887547,0.5866984225813805,0.0
4.763142264615698,0.0,0.0,0.0
4.939692031057493,0.0,0.0,0.0
4.786266314431005,0.0,0.0,0.0
5.045963343101318,0.0,0.0,0.0
0.0,0.7532146209485004,0.39618237496784897,0.0
4.306069752142882,0.0,0.0,0.0
0.0,0.0,0.0,4.8418092729742686
0.0,0.855012899548506,0.3785071102304534,0.0
0.0,0.7871533075235623,0.46731477616975037,0.0
0.0,0.3317068716801232,0.6652511339811996,0.0
0.0,0.0,0.0,5.132211687392174
0.0,0.0,0.0,5.383583938796275
0.0,0.5700639908602256,0.5432552676054287,0.0
0.0,0.4534889220462491,0.4774869332680197,0.0
0.0,0.5714414590268947,0.7559218763702324,0.0
0.0,0.7122997502876071,0.6240593504557338,0.0
0.0,0.6692607605135801,0.46273508283666664,0.0
0.0,0.0,0.038975778546712796,4.8687446517481145
5.413787224021588,0.0,0.0,0.0
0.0,0.5111564131456467,0.662065500363782,0.0
0.0,0.0,0.0,4.5436908591159515
0.0,0.6552443954185591,0.42694135380742537,0.0
5.210731397075538,0.0,0.0,0.0
0.0,0.0,0.0,5.390516488510353
0.0,0.7018061398576682,0.538371440835944,0.0
4.513590163312263,0.0,0.0,0.0
0.0,0.0,0.038975778546712796,4.097290033533162
0.0,0.7370775761688445,0.3380183257924306,0.0
0.0,0.6663434413410877,0.5149411079351575,0.0
0.0,0.7820292716895167,0.4997939558056041,0.0
0.0,0.0,0.0,4.8093062997428415
0.0,0.4412143683981663,0.6808911233359393,0.0
0.0,0.6628682046788782,0.4079961189732393,0.0
0.0,0.0,0.0,4.820438190878968
0.0,0.5436127116740406,0.6807326204558989,0.0
0.0,0.0,0.0,5.211239612332677
0.0,0.0,0.0,4.9969274290703956
0.0,0.0,0.0,4.858350782285195
0.0,0.0,0.038975778546712796,5.030227750638188
0.0,0.7229604164249714,0.49099654223003136,0.0
0.0,0.36706780204462985,0.6662240728709342,0.0
0.0,0.0,0.038975778546712796,4.775080774738428
0.0,0.0,0.0,4.683196200566811
0.0,0.871556690069153,0.47266820965730416,0.0
4.995494080208463,0.0,0.0,0.0
0.0,1.0256941348505724,0.35454695807193864,0.0
5.144509184947772,0.0,0.0,0.0
5.260287451226352,0.0,0.0,0.0
0.0,0.0,0.038975778546712796,4.347606000267393
0.0,0.0,0.0,4.6418532138441115
0.0,0.6589669738342793,0.5375128727946646,0.0
5.1791590182952065,0.0,0.0,0.0
0.0,0.0,0.038975778546712796,5.052798449045174
0.0,0.0,0.0,4.404845163245479
0.0,0.9022160953825257,0.21867135773939966,0.0
4.975464390473765,0.0,0.0,0.0
0.0,0.0,0.0,4.807213300814128
0.0,0.4613312880161361,0.7183325655362567,0.0
0.0,0.7958615214847254,0.5096958428566126,0.0
0.0,0.5941922582505186,0.42545118130813475,0.0
0.0,0.0,0.0,5.129764055319749
0.0,0.655240872147373,0.40273349346536547,0.0
0.0,0.6881956155014013,0.47900219414800466,0.0
0.0,0.0,0.038975778546712796,4.535526461470622
0.0,0.4075891358558091,0.7258646864574937,0.0
0.0,0.922745361723091,0.30175661832932493,0.0
4.483458509420002,0.0,0.0,0.0
0.0,0.8329866790915088,0.4608945015723198,0.0
5.317820885039323,0.0,0.0,0.0
0.0,0.0,0.038975778546712796,4.225828160917336
0.0,0.5168505847008225,0.48260311560745606,0.0
4.674788868353244,0.0,0.0,0.0
0.0,0.5416285799136791,0.5573856240140012,0.0
4.89447891228903,0.0,0.0,0.0
0.0,0.0,0.0,4.5104697697043195
4.5611339438493825,0.0,0.0,0.0
0.0,0.0,0.0,4.384187930333675
0.0,0.897593924978717,0.5064381780604228,0.0
0.0,0.5161471533614295,0.6462014230576048,0.0
0.0,0.0,0.0,5.142726217306473
0.0,0.0,0.038975778546712796,4.2344392696900774
0.0,0.7936282251978481,0.5459406443339212,0.0
4.692972827902461,0.0,0.0,0.0
4.077140075152433,0.0,0.0,0.0
0.0,0.0,0.0,4.805324970617459
0.0,0.7380093072264166,0.5282908886824584,0.0
0.0,0.41119332129649533,0.7449813417421307,0.0
0.0,0.732591168214029,0.7041742442162888,0.0
0.0,0.8064104106765819,0.43951351589624416,0.0
0.0,0.5106102914069679,0.5158902093996391,0.0
0.0,0.6818729620837953,0.6102653185876138,0.0
0.0,0.0,0.0,4.78659954579948
5.403174466800161,0.0,0.0,0.0
0.0,0.7217830187596299,0.5565373087005999,0.0
0.0,0.5702504024464727,0.5971480247208757,0.0
0.0,0.0,0.0,4.883337583021332
0.0,0.6450163476674047,0.6533602803249956,0.0
0.0,0.4734995845404686,0.6519643801138496,0.0
0.0,0.6333247206928306,0.656391307195477,0.0
0.0,0.0,0.038975778546712796,4.827732821081688
0.0,0.0,0.0,5.105427225553292
0.0,0.6347532578773615,0.5576782036287279,0.0
0.0,0.9163274988415171,0.3702219701939037,0.0
4.518395563282757,0.0,0.0,0.0
0.0,0.7097449039402886,0.41065987100919177,0.0
0.0,0.0,0.0,4.64815041516031
0.0,0.0,0.0,5.269857649015575
0.0,0.0,0.0,4.37634260073002
4.878669745045907,0.0,0.0,0.0
0.0,0.0,0.038975778546712796,4.750598581107438
0.0,0.5113952917316802,0.4537076498580591,0.0
0.0,0.0,0.0,4.862046973083253
0.0,1.0088408010454928,0.43112334680493464,0.0
0.0,0.0,0.0,4.642256710984544
0.0,0.5377041465861676,0.37709896439508084,0.0
0.0,1.0845425460275382,0.2330980336338425,0.0
0.0,0.6409542482284147,0.46342397225683823,0.0
0.0,0.4717581484977442,0.6050502670721882,0.0
0.0,0.0,0.0,5.532184876390371
4.8163650319739135,0.0,0.0,0.0
4.811603194770603,0.0,0.0,0.0
5.188958061721848,0.0,0.0,0.0
0.0,0.8421898802540823,0.4687909425720496,0.0
0.0,0.7239638733149825,0.48374150112523273,0.0
4.638310370688428,0.0,0.0,0.0
0.0,0.5644064894166667,0.8106002273923282,0.0
4.990800071369012,0.0,0.0,0.0
0.0,0.7791908351038617,0.18944186291799883,0.0
4.714902743119979,0.0,0.0,0.0
0.0,0.0,0.0,5.263434265812933
0.0,0.0,0.0,4.998095057054325
4.725053469590552,0.0,0.0,0.0
0.0,0.6727267153775981,0.6330945691428754,0.0
0.0,0.3250208169253515,0.6845598633981386,0.0
5.294999788407108,0.0,0.0,0.0
0.0,0.0,0.0,4.649494570035524
5.322858275470472,0.0,0.0,0.0
0.0,0.0,0.038975778546712796,4.219700317753995
0.0,0.0,0.0,4.449821609703626
0.0,0.726136060721724,0.40538752014279605,0.0
5.143549051166338,0.0,0.0,0.0
0.0,0.5886285397792655,0.5892934256480048,0.0
4.133583356163004,0.0,0.0,0.0
0.0,0.6033883761745413,0.839445244583236,0.0
4.831908318471602,0.0,0.0,0.0
0.0,0.8538363459338852,0.4820163143262208,0.0
0.0,0.8733465616672104,0.4428097345930399,0.0
0.0,0.5389369173571993,0.6097065467853535,0.0
0.0,0.0,0.0,5.207212936375701
4.535161785179908,0.0,0.0,0.0
0.0,0.0,0.0,4.848318337595122
4.770700671839711,0.0,0.0,0.0
5.085680113320597,0.0,0.0,0.0
0.0,0.705469139091696,0.5215821620580712,0.0
0.0,0.0,0.0,5.056235567479118
0.0,0.0,0.0,4.596506175740173
0.0,0.0,0.038975778546712796,4.740415174498862
4.227513425838956,0.0,0.0,0.0
0.0,0.8730418498279171,0.3294798723476573,0.0
0.0,0.7962105370262026,0.45404670467627845,0.0
0.0,0.6509056965037252,0.5185811238722944,0.0
0.0,0.0,0.0,4.910838497911625
0.0,0.7135932878510836,0.49696277758637386,0.0
5.1082132745499775,0.0,0.0,0.0
0.0,0.0,0.0,4.522349364803387
0.0,0.8040856547234856,0.5696135598919764,0.0
5.1981301609607025,0.0,0.0,0.0
5.078267901556346,0.0,0.0,0.0
0.0,0.6220777644176431,0.582017464315815,0.0
0.0,0.666818538378674,0.6165332453016874,0.0
0.0,0.0,0.0,5.051980120939445
4.919581082938343,0.0,0.0,0.0
0.0,0.7665720291955327,0.3232247256331882,0.0
0.0,0.0,0.0,5.125720692790994
5.048214951143659,0.0,0.0,0.0
0.0,0.0,0.0,5.200008332458354
0.0,0.0,0.0,4.895513962764611
0.0,0.0,0.0,4.88080988921886
0.0,0.8494317714293067,0.48400229978126724,0.0
5.636774166937715,0.0,0.0,0.0
0.0,0.0,0.0,5.386729532002972
0.0,0.6392932076469181,0.5109324375035406,0.0
0.0,0.7647045127639595,0.43703141328610223,0.0
5.491658578589132,0.0,0.0,0.0
0.0,0.0,0.0,4.4892928136052275
0.0,0.9294435120624189,0.4914227437277277,0.0
0.0,0.7949379382624816,0.42851195975140605,0.0
4.901670916062053,0.0,0.0,0.0
0.0,0.0,0.0,4.88660384729679
0.0,0.0,0.038975778546712796,5.134863175704829
5.140742955539698,0.0,0.0,0.0
0.0,0.0,0.0,4.81073739494107
0.0,0.6647299379990907,0.3246327272522799,0.0
0.0,0.0,0.0,5.167356804905969
5.230024283786299,0.0,0.0,0.0
0.0,0.0,0.038975778546712796,4.540986523558212
5.226905184933816,0.0,0.0,0.0
0.0,0.6726889636069456,0.34801976468901225,0.0
0.0,0.6393990947870087,0.39646478886578096,0.0
0.0,0.6998493908469685,0.31569126021466193,0.0
0.0,0.0,0.0,4.703386997245844
4.756008202505165,0.0,0.0,0.0
0.0,0.0,0.0,5.125615881751481
0.0,0.9095919318723323,0.5336725022360366,0.0
5.278347425643794,0.0,0.0,0.0
0.0,0.0,0.038975778546712796,4.493569340182003
0.0,1.0586138092282127,0.3425713562365199,0.0
0.0,0.798582751834512,0.49137715133013027,0.0
0.0,0.0,0.0,5.13443055815877
4.302840924149175,0.0,0.0,0.0
0.0,0.7594437262440441,0.25906572565855573,0.0
0.0,0.0,0.038975778546712796,4.858420837402471
0.0,1.0807324077020861,0.25300475314394505,0.0
0.0,0.5876101358082642,0.5696672279839102,0.0
0.0,0.7958638263726404,0.35442448922200814,0.0
0.0,0.0,0.0,5.1196582656176455
4.942667577542896,0.0,0.0,0.0
0.0,0.7351535688628441,0.46896265499149953,0.0
5.027838779369602,0.0,0.0,0.0
0.0,0.4696567812435115,0.6272972160958938,0.0
0.0,0.0,0.0,4.52933222225452
4.783782157985794,0.0,0.0,0.0
0.0,0.5091932444300548,0.5654958923828317,0.0
0.0,0.0,0.0,5.158959718294453
0.0,0.0,0.0,4.9668864991847235
4.34563913953595,0.0,0.0,0.0
0.0,0.8037668029919279,0.40919830285691877,0.0
5.005155671403384,0.0,0.0,0.0
0.0,0.7649757260065769,0.3209772158462214,0.0
5.396241748456092,0.0,0.0,0.0
0.0,0.542120498312428,0.596953933833075,0.0
5.040519809021174,0.0,0.0,0.0
0.0,0.772314871102207,0.514553818230704,0.0
4.651221336306362,0.0,0.0,0.0
4.414064569081718,0.0,0.0,0.0
0.0,0.630956294694065,0.48285979637832155,0.0
0.0,0.0,0.0,4.6329204702962645
0.0,0.0,0.038975778546712796,4.880109089759244
0.0,0.8522403301140576,0.3877599873705511,0.0
4.77026668532794,0.0,0.0,0.0
0.0,0.8121536935616392,0.5661768399180969,0.0
5.150257800342803,0.0,0.0,0.0
0.0,0.0,0.038975778546712796,4.92794426947795
0.0,0.5764201070906756,0.5566893832129854,0.0
0.0,0.649867752384248,0.21055047171437724,0.0
0.0,0.703655060307872,0.6472971276029624,0.0
0.0,1.006434608967427,0.1790124813051981,0.0
0.0,0.44350766193739355,0.7093911580943317,0.0
0.0,0.0,0.0,4.910604789423502
0.0,0.0,0.0,4.6264353419309625
4.9823456934465575,0.0,0.0,0.0
0.0,0.6315445382366532,0.45852356409091194,0.0
0.0,0.7214379871692722,0.6425043466646324,0.0
0.0,0.0,0.038975778546712796,4.403673718691177
0.0,0.7028751026528438,0.6001414019574657,0.0
0.0,0.0,0.038975778546712796,4.7221091985394255
0.0,0.7551016698014447,0.5327269062895765,0.0
0.0,0.5239264300551407,0.6851067368508147,0.0
0.0,0.8384084309578088,0.5619312501458948,0.0
5.13147362368804,0.0,0.0,0.0
0.0,0.7693867540822751,0.4763563469526145,0.0
0.0,0.0,0.0,4.616902290196887
0.0,0.9413547806035626,0.25448298406010583,0.0
5.411089331351895,0.0,0.0,0.0
0.0,0.0,0.0,5.18889672401111
0.0,0.6838843616715127,0.5092484021347394,0.0
0.0,0.0,0.0,5.177316963251102
5.300520900179383,0.0,0.0,0.0
4.418389844941835,0.0,0.0,0.0
0.0,0.5369917075340018,0.5725890415341758,0.0
0.0,0.0,0.0,4.245791540494571
4.581698380384299,0.0,0.0,0.0
0.0,0.0,0.0,4.739216343275024
4.875392505722426,0.0,0.0,0.0
4.422782427916211,0.0,0.0,0.0
4.5626611974119395,0.0,0.0,0.0
4.694446780249409,0.0,0.0,0.0
0.0,0.0,0.0,4.644390059347886
0.0,0.0,0.038975778546712796,4.563788527173696
0.0,0.0,0.0,4.719110069822376
5.257390065690597,0.0,0.0,0.0
4.959321460833633,0.0,0.0,0.0
5.013304413346517,0.0,0.0,0.0
5.108662095905983,0.0,0.0,0.0
0.0,0.0,0.0,5.334091554121267
5.15318966189753,0.0,0.0,0.0
0.0,0.581185992095883,0.6665490809770964,0.0
0.0,0.0,0.038975778546712796,4.140842499986595
0.0,0.41264340290487533,0.7314030302323737,0.0
0.0,0.0,0.0,5.113939056821304
0.0,0.0,0.0,5.015481262921091
0.0,0.0,0.0,4.046162936196142
0.0,0.2907083422539722,0.7110858403237605,0.0
4.837711968767869,0.0,0.0,0.0
5.381396916094869,0.0,0.0,0.0
0.0,0.0,0.0,4.66425205177938
0.0,0.788444572052577,0.44218228919743446,0.0
5.539299840252446,0.0,0.0,0.0
0.0,0.7746135909114366,0.39291771751650817,0.0
0.0,0.9750379702172277,0.28930621190960426,0.0
0.0,0.726158630445732,0.40157755159463315,0.0
0.0,0.49838845444483876,0.5858161813379169,0.0
0.0,0.5669545437555721,0.6723181396408858,0.0
4.608745812279414,0.0,0.0,0.0
4.895978204604019,0.0,0.0,0.0
0.0,0.0,0.0,4.459838815851221
4.948519164820253,0.0,0.0,0.0
0.0,0.6775566217386738,0.3622012068080821,0.0
0.0,0.8403381383684778,0.3341229047940775,0.0
4.965490345929078,0.0,0.0,0.0
0.0,0.0,0.0,5.3329427013198805
0.0,0.8005633737194545,0.5705856461889148,0.0
4.977787279099241,0.0,0.0,0.0
5.186204702332162,0.0,0.0,0.0
0.0,0.0,0.038975778546712796,4.9816541629580495
5.001880965760659,0.0,0.0,0.0
0.0,0.7405266990674468,0.4283175805859199,0.0
5.083300140892224,0.0,0.0,0.0
0.0,0.0,0.0,4.958373230529784
0.0,0.0,0.038975778546712796,5.044636851298596
4.205525289731779,0.0,0.0,0.0
0.0,0.8052440330691905,0.5608636103355625,0.0
0.0,0.48692384771793124,0.6759672551648415,0.0
0.0,0.16782853548481794,0.7995672122438915,0.0
0.0,0.5863072488120502,0.4554898100312424,0.0
0.0,0.0,0.0,4.717944080211247
5.173188773953638,0.0,0.0,0.0
4.806024435542243,0.0,0.0,0.0
0.0,0.0,0.038975778546712796,4.138117741159703
0.0,0.0,0.038975778546712796,4.673732424438967
0.0,0.7527198701269351,0.5519128363146433,0.0
0.0,0.5600935180274041,0.4559269810155501,0.0
4.577119580793309,0.0,0.0,0.0
0.0,0.7724485963776305,0.52043214508865,0.0
5.062740409829792,0.0,0.0,0.0
5.46299778209394,0.0,0.0,0.0
0.0,0.5016130572131272,0.686743793012589,0.0
0.0,0.6856341910537149,0.5467027788377251,0.0
5.312739925861394,0.0,0.0,0.0
0.0,0.8637930423576196,0.4500500147542926,0.0
5.49795159482423,0.0,0.0,0.0
0.0,0.0,0.038975778546712796,5.031309759582046
0.0,0.84004644037833,0.3741480408781704,0.0
5.438981989753235,0.0,0.0,0.0
0.0,0.961705366050291,0.31433299359140265,0.0
0.0,0.7666335100521182,0.5658112111199624,0.0
0.0,0.7504920209999406,0.6203882769448817,0.0
0.0,0.6980887385905821,0.6935662995359021,0.0
0.0,0.0,0.0,5.122367495261362
5.055595023960965,0.0,0.0,0.0
0.0,0.5158893642060753,0.6467365217665306,0.0
0.0,0.0,0.038975778546712796,4.881373035413785
0.0,0.6934573742457361,0.4906385491822883,0.0
0.0,0.9266686035608831,0.3738542975763008,0.0
0.0,0.8223706544803482,0.5610829310072363,0.0
0.0,0.655886228186545,0.44462822213141656,0.0
0.0,0.6731401652762251,0.5241105982680943,0.0
0.0,0.0,0.0,4.800876423598621
0.0,0.8431896157539649,0.38254167561087493,0.0
0.0,0.9143653151435505,0.3987534600268713,0.0
0.0,0.49473250513129075,0.8627523182661534,0.0
0.0,0.5302705807907689,0.7833712694362779,0.0
0.0,0.0,0.0,4.774723013316102
5.180616670635798,0.0,0.0,0.0
5.177416366635361,0.0,0.0,0.0
0.0,0.8895033836879073,0.520274764064847,0.0
5.450057669707818,0.0,0.0,0.0
0.0,0.9580425706858394,0.24062102976850192,0.0
0.0,0.6577584527016673,0.7755942350962985,0.0
0.0,0.9128994598706835,0.18546337720412037,0.0
0.0,0.0,0.038975778546712796,4.6190500435759185
4.931056546246911,0.0,0.0,0.0
4.882289111339528,0.0,0.0,0.0
0.0,0.7773871638819616,0.47859696580450695,0.0
0.0,0.0,0.038975778546712796,4.76685571451889
0.0,0.8012471752460726,0.35076305084953713,0.0
0.0,0.0,0.0,5.121156313105545
4.6813156518044075,0.0,0.0,0.0
0.0,0.0,0.0,4.946965772434587
0.0,0.4148054411875338,0.6942583444950304,0.0
0.0,0.6663048979760992,0.5410397236172431,0.0
0.0,0.6908541863979786,0.4064781307188897,0.0
0.0,0.4678813997461819,0.6641235434993908,0.0
0.0,0.4622757595675406,0.7168231156746296,0.0
0.0,0.7999448623122734,0.4177564972342543,0.0
4.456604057695448,0.0,0.0,0.0
5.634583756702759,0.0,0.0,0.0
0.0,0.4916111538584934,0.6233594658542289,0.0
4.509127833053626,0.0,0.0,0.0
4.800906006988001,0.0,0.0,0.0
0.0,0.5786806408136859,0.623927358684019,0.0
0.0,0.5802153895878869,0.4942241273145245,0.0
0.0,1.0670526696010947,0.345863124071167,0.0
4.934878512839727,0.0,0.0,0.0
0.0,0.0,0.038975778546712796,4.91120812613633
0.0,0.9490750037201529,0.4695389517428195,0.0
0.0,0.0,0.0,4.6699408739005035
5.479429212306542,0.0,0.0,0.0
0.0,0.7615741856394573,0.5546342674842002,0.0
0.0,0.7452627245880783,0.4447998349646855,0.0
0.0,0.6083753830741896,0.7639371906474856,0.0
0.0,0.8595360117661597,0.5501748198316487,0.0
4.4225343885712665,0.0,0.0,0.0
0.0,0.4560724913410427,0.5559488160226769,0.0
0.0,0.0,0.0,4.283586139053942
0.0,0.7628562088376037,0.5071640735951781,0.0
0.0,0.0,0.0,4.6700927807102675
0.0,0.7358232448446073,0.5769790673367776,0.0
0.0,0.6018140313127731,0.67406291706279,0.0
0.0,0.9422346224432244,0.2270107100556209,0.0
0.0,0.6109035186259927,0.5025721230000618,0.0
4.609539300956477,0.0,0.0,0.0
0.0,0.0,0.0,4.760882238024707
5.189866315790358,0.0,0.0,0.0
0.0,0.0,0.0,5.041659863490837
0.0,0.0,0.038975778546712796,4.535778302219179
4.952696216662364,0.0,0.0,0.0
0.0,0.5514044193092267,0.6199396256422459,0.0
0.0,0.0,0.0,5.33381806398817
5.323856232782441,0.0,0.0,0.0
0.0,0.0,0.038975778546712796,4.800382550472543
